meses_antiguedad,FacturaMes,FacturaTotal,Genero,Mayor65,Conyuge,PersCargo,Telf_serv,VariasLineas,Seguridad,CopiaSeguridad,Antivirus_disp,Soporte_tecnico,TV_streaming,Peliculas,Fact_sinPapel,missing_count,Int_serv_Fiber optic,Int_serv_No,Contrato_One year,Contrato_Two year,MetodoPago_Credit card (automatic),MetodoPago_Electronic check,MetodoPago_Mailed check
-0.5289689364603384,0.8044639956848281,-0.2374980712195837,1,0,0,0,1,0,0,1,1,0,0,1,1,0,1,0,0,0,0,1,0
-1.339424284872981,-0.8578525792643289,-1.0186290232435518,0,1,0,0,0,0,0,0,1,0,0,1,1,0,0,0,0,0,0,1,0
-0.8936738432460276,-1.5125546430091854,-0.9489666660247956,0,0,1,0,1,0,0,0,0,0,0,0,0,0,0,1,1,0,0,0,0
1.5376922019919002,1.129341342177868,2.0712135559663527,1,0,1,1,1,1,1,1,0,1,1,0,0,0,1,0,0,1,0,0,0
-0.6910600061428669,-1.4812212948702628,-0.8564262652913927,1,0,1,1,1,0,0,0,0,0,0,0,0,0,0,1,1,0,0,0,1
-1.015242145507924,0.9479377476893688,-0.6683464693563743,1,0,0,0,1,1,0,0,0,0,1,1,0,0,1,0,0,0,0,1,0
-1.055764912928556,-0.3631155033866036,-0.8290068872963102,1,0,1,1,1,0,1,1,0,0,0,0,0,0,0,0,0,0,0,0,1
1.2945555974681073,0.604920041747479,1.4125272638016748,0,0,1,1,1,1,1,0,1,1,1,1,1,0,0,0,0,1,0,0,1
1.497169434571268,0.03927065166061285,0.9988588196899278,0,0,1,1,1,1,1,1,0,1,0,0,1,0,0,0,1,0,1,0,0
-0.36687786677780987,1.0831658817626135,0.04166547099284881,1,1,1,0,1,0,0,1,1,0,1,1,1,0,1,0,0,0,0,1,0
0.11939534226977566,0.35755150380861633,0.19317895580473768,1,1,1,0,1,1,0,0,0,0,0,0,1,0,1,0,0,0,0,1,0
-1.339424284872981,-1.5142037665954444,-1.0271547360888977,0,0,0,0,1,0,0,0,0,0,0,0,0,0,0,1,0,0,0,0,1
-0.8531510758253954,0.6692358616115833,-0.5147979525839129,1,0,0,0,1,1,0,0,0,0,0,1,1,0,1,0,0,0,0,1,0
1.3350783648887394,-0.49834363745984855,0.36110122463555855,0,0,0,0,1,0,0,0,0,1,0,0,0,0,0,0,0,1,0,0,0
-0.7721055409841312,0.1266742017323445,-0.5765986600181416,0,0,1,1,1,0,0,1,1,1,0,1,1,0,0,0,0,0,0,0,1
-1.055764912928556,0.09534085359342181,-0.7938329664619936,1,0,1,1,1,0,0,0,0,1,1,1,1,0,0,0,0,0,0,1,0
-0.8531510758253954,-0.31858916655760827,-0.7080617246711265,1,0,0,1,1,0,1,1,0,0,0,0,1,0,0,0,0,0,0,1,0
0.7677596209998897,0.2717970773231441,0.6602080800616018,0,0,0,0,1,1,0,1,1,1,0,1,1,0,0,0,0,1,0,0,0
-1.2178559826110846,0.17284966214759906,-0.9186554005067944,1,0,0,0,1,0,0,0,0,0,0,0,1,0,1,0,0,0,0,0,0
1.5376922019919002,-0.3367295260064581,0.754869198311812,0,0,1,1,0,0,1,1,1,1,0,1,1,0,0,0,0,1,1,0,0
0.9298506906824182,-0.22788736931335865,0.43708289162661884,1,0,1,0,0,0,1,1,1,0,1,1,1,0,0,0,0,0,0,0,0
-0.8936738432460276,-1.527396755285517,-0.9416405509667346,1,0,0,0,1,0,0,0,0,0,0,0,1,0,0,1,1,0,0,0,0
1.5376922019919002,1.4360783292220576,2.3396664036494563,0,0,0,0,1,1,0,1,1,1,1,1,0,0,1,0,0,1,0,0,0
-0.9747193780872918,-1.5109055194229262,-0.9529082016115886,0,0,0,0,1,0,0,0,0,0,0,0,1,0,0,1,0,0,0,0,1
-0.12374126225401712,-0.5214313676674757,-0.3843631146057438,1,0,0,0,0,0,1,1,0,1,0,1,1,0,0,0,0,1,0,0,0
-1.339424284872981,0.1629549206300442,-1.0053691834162426,0,0,0,0,1,0,0,0,0,0,0,0,0,0,1,0,0,0,0,0,1
-1.1368104477698204,-0.34662426752401276,-0.8972768542262536,1,0,0,0,1,0,1,1,0,0,0,0,0,0,0,0,0,0,0,0,1
-1.339424284872981,-1.327852801348168,-1.0247341191252695,1,0,0,1,1,1,0,0,0,0,0,0,0,0,0,1,0,0,0,0,1
-1.339424284872981,-1.4977125307328536,-1.0269405221983112,0,0,0,0,1,0,0,0,0,0,0,0,0,0,0,1,0,0,0,0,1
-1.2178559826110846,0.816007860788642,-0.8828174166116594,0,0,0,0,1,0,0,0,1,1,0,1,1,0,1,0,0,0,0,1,0
0.5651457838967291,0.4317620651902751,0.5420476980140436,0,0,0,1,1,1,1,0,1,0,1,1,1,0,0,0,1,0,1,0,0
0.48410024905546484,0.9644289835519596,0.8592984699727703,0,0,0,0,1,1,0,1,1,0,1,0,1,0,1,0,1,0,1,0,0
1.3756011323093718,0.33446377360098906,1.2324590673745945,0,0,1,1,1,1,0,1,1,1,0,1,1,0,0,0,1,0,0,0,0
1.172987295206211,1.244779993216004,1.793292454319323,0,0,1,0,1,1,0,1,1,0,1,1,1,0,1,0,0,0,0,1,0
1.497169434571268,0.6626393672665469,1.6308326396984598,1,0,1,0,1,1,1,1,1,1,1,1,0,0,0,0,0,1,1,0,0
-0.7315827735634991,-0.38125586283545343,-0.6547438873041265,1,1,0,0,1,1,1,0,0,0,0,0,1,0,0,0,0,0,0,1,0
-1.339424284872981,-1.5339932496305535,-1.0274117927576016,1,0,0,0,1,0,0,0,0,0,0,0,0,0,0,1,0,0,0,0,1
0.8893279232617861,1.1243939714190905,1.3671781831644954,1,0,1,1,1,1,0,1,1,1,0,1,1,0,1,0,1,0,1,0,0
0.11939534226977566,1.0040079496221772,0.5267742476152205,0,0,0,0,1,0,0,1,0,0,1,1,1,0,1,0,0,0,1,0,0
0.28148641195230417,0.6774814795428789,0.39492559795917986,1,0,1,0,1,0,0,1,1,1,0,0,1,0,1,0,1,0,0,0,0
-1.339424284872981,-0.7143788272597885,-1.0167653623954487,0,0,0,1,1,0,0,0,0,0,0,0,0,0,0,0,0,0,0,1,0
-0.6100144713016027,-1.5092563958366674,-0.8781475537968718,1,0,0,0,1,0,0,0,0,0,0,0,0,0,0,1,0,0,0,0,1
-0.4479234016190741,-1.50430902507789,-0.8577758128020881,1,0,1,1,1,0,0,0,0,0,0,0,0,0,0,1,1,0,0,0,1
1.456646667150636,1.0897623761076498,1.902927123521535,0,0,1,0,1,1,0,1,1,1,0,1,1,0,1,0,0,1,0,0,0
-0.4884461690397063,0.13491981966363994,-0.3735238917420627,1,1,0,0,1,0,1,0,1,1,0,1,1,0,0,0,0,0,0,0,1
1.0514189929443147,-0.1800627853118451,0.49918349850766885,0,0,1,0,0,0,0,1,1,1,1,1,1,0,0,0,0,0,0,0,0
-1.055764912928556,0.5900779294711471,-0.7442638721802587,1,0,1,1,1,0,0,1,0,0,1,0,1,0,1,0,0,0,0,1,0
1.5376922019919002,0.7566394116833146,1.621471492679826,0,0,0,0,1,1,0,1,1,1,1,1,1,0,0,0,0,1,0,0,0
1.172987295206211,1.290955453631258,1.7908289945775773,0,0,1,1,1,1,0,1,1,0,1,1,1,0,1,0,0,1,0,0,0
-0.4884461690397063,-0.7226244451910839,-0.6484888416989983,0,0,0,0,0,0,0,1,1,0,0,1,1,0,0,0,1,0,0,0,0
1.456646667150636,-1.5125546430091854,-0.43682409641039743,1,0,1,0,1,0,0,0,0,0,0,0,0,0,0,1,0,1,0,0,0
1.456646667150636,-0.015150426685936655,0.9107954892697843,1,0,1,1,1,1,1,0,0,0,0,1,0,0,0,0,1,0,0,0,0
-1.2989015174523488,0.47134103126049326,-0.9608769583414096,0,0,0,0,1,0,0,0,0,0,1,0,1,0,1,0,0,0,0,1,0
1.0514189929443147,0.4927796378818611,1.083687520362214,1,0,1,1,1,0,0,1,1,1,1,1,1,0,0,0,0,1,0,0,0
-0.9747193780872918,0.6725341087841014,-0.6782645724905331,0,0,0,0,1,1,0,0,0,0,1,0,1,0,1,0,0,0,0,0,0
-0.4479234016190741,-1.3212563070031316,-0.8150829844081825,1,0,1,1,1,1,0,0,0,0,0,0,1,0,0,1,0,1,1,0,0
1.0514189929443147,-1.5306950024580352,-0.5629532351877764,1,0,1,1,1,0,0,0,0,0,0,0,1,0,0,1,0,1,1,0,0
-0.8936738432460276,-1.5389406203893308,-0.9355568764740756,1,0,1,1,1,0,0,0,0,0,0,0,0,0,0,1,0,0,0,0,1
1.497169434571268,0.816007860788642,1.8211616814846368,0,0,1,1,1,1,1,1,1,1,1,1,0,0,0,0,0,1,0,1,0
0.3625319467935684,1.487201160396089,0.9728104105945995,0,1,1,1,1,1,0,1,1,1,1,1,1,0,1,0,0,0,0,0,0
1.3756011323093718,0.17284966214759906,1.068542598297743,1,0,1,0,1,1,1,1,1,1,0,0,0,0,0,0,0,1,1,0,0
0.6056685513173612,0.7978675013397917,0.8011393986785135,1,1,0,0,1,0,0,1,1,0,0,1,1,0,1,0,1,0,0,0,0
-0.7721055409841312,-1.3328001721069451,-0.8664514753708447,1,0,1,1,1,1,0,0,0,0,0,0,1,0,0,1,0,0,0,1,0
-1.2989015174523488,0.7863236362359782,-0.966425098107602,1,1,0,0,1,1,0,1,0,0,0,1,0,0,1,0,0,0,0,1,0
0.6056685513173612,-1.1695369370672957,-0.4130677759443457,0,0,0,0,0,0,0,0,1,0,0,0,1,0,0,0,0,0,0,0,0
0.5651457838967291,-1.3558879023145725,-0.519810557623639,1,0,0,0,1,1,0,0,0,0,0,0,0,0,0,1,1,0,0,0,0
-0.2858323319365456,1.2860080828724811,0.23424375863018526,0,1,0,0,1,1,0,1,0,1,1,1,1,0,1,0,1,0,0,0,0
-0.042695727412752855,0.9512359948618867,0.29488771105524647,0,1,1,0,1,1,0,0,0,0,1,1,1,0,1,0,0,0,0,1,0
1.456646667150636,1.1656220610755677,2.0000088587353737,0,0,1,0,1,0,1,1,1,1,0,1,0,0,1,0,0,1,1,0,0
-1.1773332151904525,-0.7127297036735295,-0.9490095088029129,1,0,0,0,1,0,0,0,0,0,0,0,1,0,0,0,0,0,1,0,0
1.5376922019919002,1.488850283982348,2.3413586933850907,1,1,1,0,1,1,0,1,1,1,1,1,1,0,1,0,0,1,1,0,0
-0.5694917038809706,1.0848150053488725,-0.2461094696211643,0,1,0,0,1,1,0,0,1,0,1,1,1,0,1,0,0,0,0,1,0
1.497169434571268,0.25365671787429384,1.1727148132899972,0,0,1,1,1,0,0,1,0,1,1,1,1,0,0,0,0,1,1,0,0
0.848805155841154,1.2546747347335583,1.387892666384218,1,0,1,1,1,0,0,1,1,1,1,1,1,0,1,0,1,0,0,0,0
-1.2178559826110846,0.43506031236279313,-0.9101725304395657,1,1,0,0,1,0,0,0,0,0,1,0,1,0,1,0,0,0,0,1,0
0.4030547142142006,-1.4927651599740763,-0.6476534075257107,0,0,0,0,1,0,0,0,0,0,0,0,0,0,0,1,0,1,1,0,0
-0.32635509935717777,-1.5125546430091854,-0.8396961604365807,0,0,0,0,1,0,0,0,0,0,0,0,0,0,0,1,1,0,1,0,0
-1.2583787500317167,-1.0178175671314602,-0.9867968391023859,1,0,0,0,0,0,0,0,0,0,1,0,1,0,0,0,0,0,1,0,0
-1.096287680349188,0.6164639068512924,-0.7744251879748493,1,1,0,0,1,0,0,0,1,0,1,0,1,0,1,0,0,0,0,1,0
-0.16426402967464926,0.9446395005168503,0.11244174044265515,0,0,0,0,1,1,1,1,0,0,0,1,1,0,1,0,0,0,1,0,0
0.7677596209998897,1.3156923074251443,1.3988175748041336,1,0,0,0,1,1,0,1,1,0,1,1,0,0,1,0,0,1,0,1,0
-0.6910600061428669,0.9297973882405184,-0.33914256230291645,0,0,0,0,1,0,1,0,0,0,1,1,0,0,1,0,0,0,0,1,0
1.5376922019919002,-1.3344492956932041,-0.2649174492146661,0,0,1,1,1,1,0,0,0,0,0,0,1,0,0,1,0,1,0,0,0
-0.8936738432460276,-1.0573965332016781,-0.8490573074552142,1,0,0,0,0,0,1,0,0,1,0,0,1,0,0,0,1,0,0,0,1
-1.2583787500317167,0.28828831318573495,-0.9431614695898992,1,0,0,0,1,1,0,0,0,0,0,0,0,0,1,0,0,0,0,0,0
-1.2178559826110846,-0.29385231276372203,-0.930587114212467,0,0,0,0,1,0,1,0,1,0,0,0,0,0,0,0,0,0,0,1,0
1.497169434571268,1.3981484867380984,2.1913661271963667,0,0,0,0,1,1,1,0,1,1,1,1,1,0,1,0,0,1,0,1,0
-0.0021729599921207297,0.14316543759493536,-0.0004918226745903929,1,0,0,0,1,0,0,0,0,0,0,0,1,0,1,0,0,0,1,0,0
1.5376922019919002,-1.4828704184565218,-0.39635909247859236,0,0,1,0,1,0,0,0,0,0,0,0,0,0,0,1,0,1,0,0,0
-1.1773332151904525,0.6280077719551063,-0.8674582806566016,1,1,0,0,1,0,0,1,0,0,1,0,1,0,1,0,0,0,0,1,0
0.4435774816348327,0.6741832323703604,0.6187362708440397,1,1,1,0,1,0,0,0,1,0,0,1,1,0,1,0,0,0,0,1,0
1.2945555974681073,-1.3377475428657224,-0.30827434066939013,0,0,0,0,1,1,0,0,0,0,0,0,0,0,0,1,0,1,0,0,1
-0.8126283084047633,0.817656984374901,-0.493183771023727,0,1,0,0,1,0,0,0,0,0,1,1,0,0,1,0,0,0,1,0,0
-1.2583787500317167,-0.508238378977403,-0.970366633694395,0,0,0,0,1,0,0,0,0,1,0,0,1,0,0,0,0,0,0,0,1
-1.339424284872981,-1.5175020137679627,-1.0271975788670151,1,0,0,0,1,0,0,0,0,0,0,0,0,0,0,1,0,0,0,0,1
-1.1773332151904525,-0.8627999500231062,-0.9453250298848238,1,0,0,0,0,0,0,0,1,0,0,1,0,0,0,0,0,0,0,1,0
-0.9747193780872918,0.6280077719551063,-0.679142849441938,1,0,0,0,1,0,1,0,0,0,1,0,1,0,1,0,0,0,0,0,1
0.6056685513173612,1.1013062412114634,1.0438651581021687,0,0,1,0,1,1,0,1,0,0,1,1,1,0,1,0,0,0,0,0,0
-1.339424284872981,-1.4696774297664492,-1.026576358584314,0,0,0,0,1,0,0,0,0,0,0,0,0,0,0,1,0,0,0,0,1
1.0108962255236824,0.44660417746660697,0.9310172805411578,1,1,0,0,1,1,0,1,0,0,0,0,1,0,1,0,0,1,1,0,0
-0.7315827735634991,0.2998321782895484,-0.5517712700991569,1,0,0,0,1,1,0,0,0,0,0,0,1,0,1,0,0,0,1,0,0
-0.36687786677780987,0.816007860788642,-0.10224342070321643,0,0,1,1,1,0,0,0,0,0,1,1,1,0,1,0,1,0,0,1,0
0.11939534226977566,0.43835855953531155,0.18096876404130258,1,0,1,0,1,1,0,0,1,0,0,0,1,0,1,0,0,0,1,0,0
0.1599181096904078,-1.3657826438321268,-0.6438618216623281,1,0,0,0,1,1,0,0,0,0,0,0,1,0,0,1,1,0,0,1,0
-0.4479234016190741,0.019481168625504024,-0.37849365400367146,1,0,1,1,1,0,1,1,1,1,0,0,1,0,0,0,1,0,0,0,1
-1.1368104477698204,-1.4993616543191126,-0.9934803124886873,0,0,0,1,1,0,0,0,0,0,0,0,1,0,0,1,0,0,0,0,1
0.4435774816348327,-1.3525896551420542,-0.5477226275670706,1,0,1,1,1,1,0,0,0,0,0,0,1,0,0,1,0,1,0,0,0
1.456646667150636,0.3443585151185435,1.2197347622737518,0,0,1,0,1,1,0,1,1,1,1,0,0,0,0,0,0,1,1,0,0
-1.2583787500317167,0.4861831435368251,-0.9396269403952207,1,1,1,0,1,0,0,0,0,0,1,0,1,0,1,0,0,0,0,1,0
-0.36687786677780987,-1.5092563958366674,-0.8167752741438165,0,0,0,0,1,0,0,0,0,0,0,0,0,0,0,1,1,0,1,0,0
0.48410024905546484,0.44660417746660697,0.5040675752130429,1,0,0,0,1,1,1,0,1,0,1,1,0,0,0,0,0,1,0,0,1
0.9703734581030503,-0.15202768434544084,0.45477695898907056,1,0,1,0,1,1,1,0,0,1,0,0,1,0,0,0,1,0,0,0,0
0.1599181096904078,1.292604577217517,0.6297897075983073,0,0,0,0,1,1,1,1,0,0,1,1,1,0,1,0,1,0,0,1,0
0.524623016476097,0.28993743677199396,0.4682938554850839,1,0,0,0,1,0,0,0,1,1,1,1,0,0,0,0,0,1,0,0,1
-0.8126283084047633,-0.5016418846323666,-0.7076761396680706,1,0,0,0,1,0,0,1,0,0,0,0,0,0,0,0,0,0,0,1,0
-0.6910600061428669,0.11018296586975367,-0.5430741861413417,0,0,1,1,1,0,0,0,0,0,0,0,1,0,1,0,0,0,0,1,0
-0.407400634198442,0.820955231547419,-0.0577083528502661,0,0,0,0,1,1,0,1,0,0,1,0,1,0,1,0,0,0,1,0,0
1.2135100626268431,0.11842858380104909,0.8699234789458647,0,0,1,1,1,0,1,0,1,1,1,0,0,0,0,0,0,1,0,0,1
1.456646667150636,-1.350940531555795,-0.3133297884872334,1,0,1,1,1,1,0,0,0,0,0,0,0,0,0,1,0,1,0,0,0
-1.339424284872981,-0.6797472319483479,-1.0163155132252166,0,0,0,0,1,0,0,0,0,0,0,0,0,0,0,0,0,0,0,0,1
0.524623016476097,-1.5010107779053719,-0.5873950401037054,1,0,0,0,1,0,0,0,0,0,0,0,0,0,0,1,0,1,0,0,1
0.48410024905546484,0.9759728486557729,0.8598340046992368,1,1,0,0,1,0,0,1,0,0,1,1,0,0,1,0,1,0,1,0,0
1.0108962255236824,1.4674116773609802,1.7269075696265415,0,0,1,0,1,1,1,1,1,0,1,1,1,0,1,0,1,0,0,1,0
1.132464527785579,1.1705694318343451,1.8084373763837944,1,0,1,1,1,1,1,0,0,0,1,1,1,0,1,0,0,1,0,0,0
-1.339424284872981,0.2783935716681801,-1.0038696861821363,1,0,0,0,1,0,0,0,1,1,1,1,0,0,0,0,1,0,1,0,0
0.4435774816348327,0.5059726265719339,0.47827622278641846,1,0,1,1,1,0,1,0,1,1,1,1,1,0,0,0,0,1,0,0,1
-0.24530956451591351,-0.20150139193321337,-0.3302312644545147,1,0,0,0,1,0,0,0,1,0,1,0,1,0,0,0,0,0,0,0,0
-1.2583787500317167,-1.3542387787283132,-0.9986214458627652,1,0,0,0,1,1,0,0,0,0,0,0,0,0,0,1,0,0,0,0,1
1.497169434571268,-1.3525896551420542,-0.3029404147937842,1,0,1,0,1,1,0,0,0,0,0,0,1,0,0,1,0,1,0,0,0
-1.055764912928556,-1.5059581486641491,-0.974950810952948,1,0,0,0,1,0,0,0,0,0,0,0,0,0,0,1,0,1,0,0,1
-0.8126283084047633,0.7121130748543195,-0.49639697938252575,1,0,1,1,1,1,0,0,1,0,0,1,1,0,1,0,0,0,0,1,0
-0.9341966106666597,-1.491116036387817,-0.9281664972488386,0,0,1,1,1,0,0,0,0,0,0,0,1,0,0,1,0,0,0,1,0
-1.015242145507924,0.31467429056588025,-0.7640572356704588,1,0,0,0,1,1,0,0,0,0,0,0,1,0,1,0,0,0,1,0,0
-1.339424284872981,0.44660417746660697,-1.0016847044981534,1,1,0,0,1,0,0,0,0,0,1,0,1,0,1,0,0,0,0,1,0
0.20044087711103992,-1.5109055194229262,-0.6693961174202486,1,0,1,1,1,0,0,0,0,0,0,0,1,0,0,1,0,1,0,0,0
1.2135100626268431,0.6890253446466922,1.3775247140798275,0,0,0,0,1,1,0,1,1,1,1,1,0,0,0,0,0,1,1,0,0
-1.2178559826110846,1.1260430950053495,-0.8458869418745328,1,1,0,0,1,0,0,1,1,0,1,1,1,0,1,0,0,0,1,0,0
1.3350783648887394,0.7879727598222372,1.694796907427613,0,0,1,1,1,1,0,1,0,0,0,1,1,0,1,0,0,0,0,0,0
0.4435774816348327,-1.3591861494870905,-0.5693796519053739,0,0,1,1,1,1,0,0,0,0,0,0,0,0,0,1,0,1,0,0,1
0.0383498074285114,-1.4812212948702628,-0.7186224694770449,0,0,0,0,1,0,0,0,0,0,0,0,0,0,0,1,0,0,0,0,0
1.2540328300474752,1.442674823567094,2.0608241822729036,1,1,1,0,1,1,1,1,1,0,1,1,1,0,1,0,0,0,1,0,0
1.0514189929443147,1.1210957242465727,1.509694684571748,1,0,0,0,1,0,0,1,1,0,1,1,1,0,1,0,0,1,0,1,0
-1.1773332151904525,0.6477972549902151,-0.8538985413824709,0,0,0,0,1,1,0,1,1,0,0,0,1,0,1,0,0,0,0,1,0
-1.055764912928556,-1.5323441260442943,-0.9684172872900573,1,0,0,0,1,0,0,0,0,0,0,0,0,0,0,1,0,0,0,0,1
-0.407400634198442,1.0914114996939088,-0.004261987148914104,1,0,0,0,1,1,0,0,1,0,1,1,1,0,1,0,0,0,0,1,0
1.2135100626268431,0.9429903769305913,1.5698245236594013,0,1,1,0,1,1,0,1,1,0,0,1,1,0,1,0,0,0,0,1,0
-0.6910600061428669,0.8885692985840413,-0.35882881884782325,1,0,1,0,1,1,0,0,0,0,1,1,0,0,1,0,0,0,0,1,0
1.5376922019919002,-1.4729756769389675,-0.39565218663965657,0,0,1,1,1,0,0,0,0,0,0,0,0,0,0,1,0,1,0,0,0
1.4161238997300039,-1.5125546430091854,-0.41998688461029215,1,0,1,1,1,0,0,0,0,0,0,0,0,0,0,1,0,1,1,0,0
-0.8936738432460276,0.052463640350685715,-0.6790357424966448,0,0,0,0,1,1,1,1,0,1,0,0,1,0,0,0,0,0,0,1,0
-1.2989015174523488,-1.4944142835603353,-1.0162084062799235,1,0,0,0,1,0,0,0,0,0,0,0,0,0,0,1,0,0,0,0,1
-1.339424284872981,0.3064286726345848,-1.0035055225681393,0,0,0,0,1,1,0,0,0,0,0,0,1,0,1,0,0,0,0,1,0
-0.9747193780872918,0.979271095828291,-0.6507380875501574,0,1,0,0,1,1,0,0,0,0,1,1,1,0,1,0,0,0,0,1,0
1.2540328300474752,-0.4010453458705625,0.47154990662199986,1,1,0,0,0,0,0,1,1,0,1,1,1,0,0,0,0,1,0,0,0
1.2540328300474752,-1.520800260940481,-0.5135126692403935,0,0,0,0,1,0,0,0,0,0,0,0,1,0,0,1,0,1,1,0,0
-0.9341966106666597,0.3377620207735075,-0.6644263551586399,0,0,0,0,1,0,0,1,0,0,0,0,1,0,1,0,0,0,0,0,1
-1.2583787500317167,0.14151631400867637,-0.9411692804074442,1,0,0,0,1,0,0,0,1,0,1,1,1,0,0,0,1,0,0,1,0
-1.096287680349188,-1.484519542042781,-0.9781854407008053,1,0,1,1,1,0,0,0,0,0,0,0,0,0,0,1,1,0,0,0,1
1.0108962255236824,-0.005255685168382242,0.5929663398064741,1,0,1,1,1,1,1,1,0,1,0,0,0,0,0,0,1,0,0,0,1
0.4435774816348327,1.6488152718494795,1.1602904076359755,1,0,0,0,1,1,1,1,1,1,1,1,1,0,1,0,0,0,0,1,0
-1.339424284872981,-0.5115366261499212,-1.0141305315412337,0,1,0,1,1,0,0,0,1,0,0,0,1,0,0,0,0,0,0,0,1
1.2945555974681073,1.2365343752847084,1.976788072995788,0,0,1,1,1,0,1,1,1,0,1,1,1,0,1,0,1,0,0,0,0
-1.2178559826110846,0.47793752560552966,-0.8985835589588318,1,0,0,0,1,1,1,0,0,0,0,0,1,0,1,0,0,0,0,1,0
-1.096287680349188,-0.22458912214084042,-0.836097367074726,0,0,1,1,0,0,1,1,1,0,1,1,0,0,0,0,0,0,0,0,1
1.5376922019919002,1.6092363057792616,2.552487903947225,0,0,1,0,1,1,1,1,1,1,1,1,0,0,1,0,0,1,1,0,0
1.172987295206211,0.32621815566969364,0.9813575448290044,1,0,1,1,1,0,1,1,1,1,1,0,0,0,0,0,0,1,1,0,0
-0.2047867970952814,-0.34332602035149457,-0.34147749371031016,1,0,0,0,1,1,0,1,0,0,0,0,1,0,0,0,1,0,0,1,0
-1.1368104477698204,-1.5026599014916309,-0.9926234569263409,1,0,1,1,1,0,0,0,0,0,0,0,0,0,0,1,0,1,0,0,1
1.5376922019919002,1.6092363057792616,2.4348844780151917,0,0,1,1,1,1,1,1,1,1,1,1,0,0,1,0,0,1,0,0,0
-1.2989015174523488,0.7088148276818015,-0.9568925799764991,1,0,0,0,1,0,0,1,0,0,1,0,1,0,1,0,0,0,0,0,0
1.3350783648887394,-1.345993160797018,-0.35720079327936527,0,0,1,0,1,1,0,0,0,0,0,0,0,0,0,1,0,1,1,0,0
0.7272368535792576,1.487201160396089,1.4629746350348147,0,1,0,0,1,1,0,1,1,1,1,1,1,0,1,0,0,0,0,1,0
1.2540328300474752,1.43113095846328,2.009734169368004,0,1,0,0,1,1,1,0,1,1,1,1,1,0,1,0,0,1,0,1,0
1.5376922019919002,-1.349291407969536,-0.23912609678804178,0,0,1,1,1,1,0,0,0,0,0,0,0,0,0,1,0,1,1,0,0
0.3220091793729363,1.304148442321331,0.9347874450154814,1,1,1,0,1,1,1,0,1,0,1,1,1,0,1,0,1,0,0,0,0
0.4030547142142006,-0.137185572069109,0.13064992114251453,1,0,1,0,1,0,1,1,1,0,0,0,1,0,0,0,1,0,0,0,1
0.07887257484914353,-1.3377475428657224,-0.6367713418839123,0,0,1,1,1,1,0,0,0,0,0,0,0,0,0,1,0,1,1,0,0
0.4435774816348327,-0.48679977235603494,-0.03573000767608299,1,0,1,1,0,0,1,0,0,0,1,1,1,0,0,0,0,0,0,0,0
-1.339424284872981,-0.7374665574674159,-1.0170652618422698,0,1,0,0,0,0,0,1,1,0,0,1,1,0,0,0,0,0,0,1,0
0.3625319467935684,0.6857270974741743,0.49579891903640083,1,0,1,0,1,1,1,1,0,1,1,1,0,0,0,0,0,1,1,0,0
0.524623016476097,0.974323725069514,0.9192997807260718,0,0,1,0,1,1,0,0,0,0,1,1,1,0,1,0,1,0,1,0,0
-1.339424284872981,-1.4729756769389675,-1.0266192013624313,1,0,1,1,1,0,0,0,0,0,0,0,1,0,0,1,0,0,0,1,0
-1.339424284872981,-0.6780981083620886,-1.016294091836158,1,1,0,0,1,0,0,0,0,0,0,0,0,0,0,0,0,0,0,0,1
0.1599181096904078,0.14151631400867637,0.10295206508966975,0,0,0,0,1,1,1,1,1,1,0,0,0,0,0,0,0,0,0,1,0
-0.16426402967464926,-0.5032910082186258,-0.38119274902506234,0,1,1,0,1,0,0,1,0,0,0,0,1,0,0,0,0,0,0,0,0
0.8893279232617861,0.9495868712756277,1.1599048226329198,0,0,0,0,1,1,0,1,0,1,0,1,1,0,1,0,0,0,0,1,0
-0.12374126225401712,-1.520800260940481,-0.7533036983630125,1,0,1,1,1,0,0,0,0,0,0,0,1,0,0,1,0,0,0,0,1
0.7677596209998897,1.5218327557075297,1.4534421169037117,1,0,1,0,1,1,0,1,1,1,1,1,1,0,1,0,1,0,0,0,0
1.3350783648887394,1.2843589592862217,1.9144304094460347,0,0,1,1,1,1,1,0,0,1,1,1,0,0,1,0,0,1,0,0,0
-1.339424284872981,0.3196216613246572,-1.00333415145567,0,0,0,1,1,0,0,1,0,0,0,0,1,0,1,0,0,0,0,1,0
0.6056685513173612,0.9809202194145504,0.9411281761768443,1,0,1,1,1,1,0,0,0,0,1,1,1,0,1,0,0,0,0,0,0
1.5376922019919002,1.1755168025931222,2.075305041276557,1,0,0,0,1,1,1,1,1,0,1,0,1,0,1,0,0,1,0,0,0
-0.5289689364603384,-1.5191511373542217,-0.8683579789970651,0,0,0,0,1,0,0,0,0,0,0,0,0,0,0,1,0,1,0,0,1
-1.339424284872981,0.9199026467229641,-0.9955367658383183,0,1,0,0,1,1,0,0,0,0,1,1,1,0,1,0,0,0,0,1,0
-0.12374126225401712,0.8259026023061964,0.18332511683775496,0,1,0,0,1,1,0,1,0,0,1,0,1,0,1,0,0,0,0,1,0
-0.8126283084047633,0.8324990966512328,-0.4962256082700564,1,0,1,1,1,1,0,1,0,0,0,1,1,0,1,0,0,0,0,0,0
0.4435774816348327,0.4317620651902751,0.5070023055140791,0,0,1,1,1,1,0,1,1,0,1,1,0,0,0,0,1,0,1,0,0
-1.2989015174523488,-0.6945893442246794,-0.9940158472151537,1,0,1,0,0,0,0,0,0,0,1,1,0,0,0,0,0,0,0,1,0
-0.8531510758253954,-0.12729083055155457,-0.7142525061090788,0,0,1,1,1,0,0,1,1,1,0,0,0,0,0,0,0,0,0,0,0
-0.24530956451591351,-0.5197822440812166,-0.43142590636761563,1,0,1,1,1,1,0,0,0,0,0,0,0,0,0,0,0,0,0,0,1
-1.339424284872981,-0.6715016140170524,-1.0162084062799235,1,0,0,0,1,0,0,0,0,0,0,0,1,0,0,0,0,0,0,0,1
0.524623016476097,0.5834814351261107,0.7059427457018369,0,0,1,0,1,1,0,1,1,0,0,0,1,0,1,0,0,0,0,0,0
1.5376922019919002,0.6923235918192107,1.6312610674796328,0,0,0,0,1,1,1,1,1,1,1,1,0,0,0,0,0,1,0,0,0
-0.9747193780872918,-1.347642284383277,-0.9396912045623966,0,0,0,1,1,1,0,0,0,0,0,0,0,0,0,1,0,0,1,0,0
-1.339424284872981,-1.5290458788717762,-1.0273475285904257,1,0,0,0,1,0,0,0,0,0,0,0,0,0,0,1,0,0,0,1,0
-1.015242145507924,0.9363938825855549,-0.6878827761778705,0,0,0,0,1,0,0,0,1,0,1,1,1,0,1,0,0,0,0,1,0
-0.4884461690397063,0.47793752560552966,-0.26845197840934465,1,0,1,1,1,0,0,0,0,0,0,1,1,0,1,0,0,0,0,1,0
0.48410024905546484,-1.4993616543191126,-0.6733376530070417,0,0,1,1,1,0,0,0,0,0,0,0,1,0,0,1,1,0,0,0,0
0.848805155841154,-1.4729756769389675,-0.5170900412131895,1,0,1,1,1,0,0,0,0,0,0,0,0,0,0,1,0,1,0,0,1
-0.4479234016190741,-1.5175020137679627,-0.8484360871725131,0,0,1,1,1,0,0,0,0,0,0,0,0,0,0,1,1,0,0,0,1
-1.339424284872981,-1.5010107779053719,-1.0269833649764284,1,0,0,0,1,0,0,0,0,0,0,0,0,0,0,1,0,0,0,0,1
-0.16426402967464926,0.30313042546206637,-0.10089387319252094,0,1,1,0,1,1,0,0,1,0,1,1,0,0,0,0,0,1,0,1,0
1.132464527785579,1.6290257888143702,2.0205519708426265,1,0,0,0,1,1,1,1,1,1,1,1,1,0,1,0,1,0,1,0,0
-0.6505372387222348,-1.5389406203893308,-0.8861805746938687,0,0,0,0,1,0,0,0,0,0,0,0,0,0,0,1,0,0,0,1,0
-0.407400634198442,-1.5142037665954444,-0.8222163069647156,1,0,0,1,1,0,0,0,0,0,0,0,0,0,0,1,0,1,0,0,1
0.6867140861586255,1.3569203970816215,1.3202224983479172,0,0,1,0,1,1,0,1,1,0,1,1,1,0,1,0,1,0,0,0,0
0.9298506906824182,0.6214112776100699,1.0402877861293727,1,0,1,1,1,1,1,0,1,1,1,1,1,0,0,0,0,1,0,1,0
-0.8531510758253954,-1.4993616543191126,-0.9185482935615011,1,0,0,0,1,0,0,0,0,0,0,0,0,0,0,1,1,0,0,0,1
-1.1773332151904525,-1.520800260940481,-0.9929447777622208,1,0,0,0,1,0,0,0,0,0,0,0,0,0,0,1,1,0,0,1,0
0.6461913187379933,0.6098674125062564,0.7485284671504491,1,0,1,1,1,1,0,1,1,1,1,1,1,0,0,0,1,0,1,0,0
0.8893279232617861,1.2381834988709675,1.4808614948987942,0,0,1,1,1,1,0,0,1,1,1,1,1,0,1,0,0,1,0,1,0
0.48410024905546484,-1.5076072722504081,-0.6661400662833326,0,0,1,1,1,0,0,0,0,0,0,0,0,0,0,1,0,1,1,0,0
1.4161238997300039,-1.3591861494870905,-0.2994915711553403,0,0,1,1,1,1,0,0,0,0,0,0,0,0,0,1,0,1,0,0,0
-1.339424284872981,0.4564989189841614,-1.0015561761638012,0,0,0,0,1,0,0,0,0,0,1,0,1,0,1,0,0,0,0,1,0
-1.339424284872981,1.1590255667305314,-0.9924306644248129,1,1,1,0,1,1,0,0,1,0,1,1,1,0,1,0,0,0,0,1,0
1.5376922019919002,0.9034114108603731,1.8498663428232387,0,1,1,0,1,1,1,1,1,1,0,0,1,0,1,0,0,1,0,0,0
0.7272368535792576,1.2794115885274446,1.312703590788328,0,1,1,0,1,0,1,0,1,1,1,1,1,0,1,0,1,0,0,0,0
-0.7315827735634991,-0.015150426685936655,-0.5886160592800489,1,0,0,0,1,1,0,0,1,0,0,1,1,0,0,0,0,0,1,0,0
-1.2989015174523488,-0.5890454347040982,-0.9960080363976089,0,0,0,0,1,0,1,0,0,0,0,0,1,0,0,0,0,0,0,1,0
-0.6505372387222348,-1.5026599014916309,-0.8634524809026325,0,0,0,0,1,0,0,0,0,0,0,0,0,0,0,1,1,0,0,0,1
1.2540328300474752,0.9825693430008094,1.630618425807873,1,1,0,0,1,1,0,1,1,0,1,0,1,0,1,0,0,0,0,0,0
0.6056685513173612,-1.491116036387817,-0.596627658787987,1,0,0,1,1,0,0,0,0,0,0,0,0,0,0,1,0,1,1,0,0
-0.32635509935717777,0.6609902436802879,-0.1500559610821413,1,1,1,0,1,0,0,0,1,0,1,0,1,0,1,0,0,0,1,0,0
0.9298506906824182,0.9578324892069231,1.307433929079898,1,0,0,0,1,1,0,1,0,1,0,1,0,0,1,0,1,0,0,1,0
1.2945555974681073,-0.5362734799438075,0.35756669544088,1,0,1,1,1,0,0,0,0,1,0,0,1,0,0,0,1,0,1,0,0
1.497169434571268,1.4525695650846484,2.3507841045709004,1,1,1,0,1,0,1,1,1,1,1,1,1,0,1,0,0,1,0,0,0
-0.5289689364603384,-1.3064141947268,-0.7932331675683512,0,0,1,1,0,0,0,0,0,0,0,0,1,0,0,0,0,0,0,1,0
-0.042695727412752855,1.2546747347335583,0.44974293256028586,1,0,1,1,1,1,1,0,1,0,1,1,1,0,1,0,1,0,0,0,1
0.3625319467935684,0.4878322671230841,0.42056700066239355,1,0,1,0,1,1,0,1,0,0,0,0,0,0,1,0,0,0,0,1,0
1.0514189929443147,0.6362533898864017,1.1000320402139705,0,0,0,1,1,1,1,0,1,1,1,1,1,0,0,0,0,1,0,1,0
0.9298506906824182,1.5597625981914889,1.7341694205174263,1,0,0,0,1,1,1,1,1,0,1,1,1,0,1,0,0,1,0,0,0
-0.32635509935717777,-1.4960634071465946,-0.8165824816422885,0,0,0,0,1,0,0,0,0,0,0,0,1,0,0,1,0,0,0,1,0
-0.6910600061428669,-1.5092563958366674,-0.8943421239252175,0,0,1,1,1,0,0,0,0,0,0,0,0,0,0,1,1,0,0,0,0
1.5376922019919002,1.4476221943258711,2.3435008322909567,1,0,1,1,1,1,1,1,1,0,1,1,0,0,1,0,0,1,1,0,0
-1.2178559826110846,0.28993743677199396,-0.9094656246006302,1,1,0,0,1,1,0,0,0,0,0,0,1,0,1,0,0,0,0,1,0
-1.055764912928556,0.659341120094029,-0.7530894844724259,0,0,1,0,1,1,0,0,0,0,0,1,1,0,1,0,0,0,0,0,0
1.0108962255236824,0.9297973882405184,1.3527615883280186,0,1,1,0,1,1,0,0,0,0,1,1,1,0,1,0,0,0,0,0,0
0.20044087711103992,1.1507799487992358,0.6332599726258099,0,0,0,1,1,1,0,0,0,1,1,1,0,0,1,0,0,1,0,0,1
-0.0021729599921207297,-1.5026599014916309,-0.7433855952288537,1,0,1,1,1,0,0,0,0,0,0,0,1,0,0,1,1,0,0,0,0
0.4435774816348327,-0.09760660599889087,0.16033996637781475,0,1,0,0,1,0,1,0,1,0,0,1,0,0,0,0,1,0,1,0,0
-0.0021729599921207297,-0.8281683547116655,-0.46758521109863055,0,0,1,1,0,0,0,0,0,1,1,0,1,0,0,0,0,1,0,1,0
-0.6505372387222348,-0.5164839969086984,-0.6531587045137858,1,0,0,0,1,0,0,0,1,0,0,0,1,0,0,0,0,0,0,0,1
-1.055764912928556,-0.18665927965688153,-0.8266505344998578,1,0,0,0,1,0,1,0,0,0,1,0,1,0,0,0,0,0,0,1,0
0.48410024905546484,0.9248500174817414,0.744415560451187,0,0,0,0,1,1,1,1,0,0,0,1,1,0,1,0,0,0,0,1,0
1.2945555974681073,-0.49834363745984855,0.4058505063790955,0,0,1,1,0,0,0,0,0,1,1,1,0,0,0,0,0,1,0,0,0
1.0514189929443147,0.9924640845183639,1.4248017197322858,0,0,1,0,1,1,0,1,1,0,1,0,1,0,1,0,0,0,0,1,0
1.497169434571268,-1.3410457900382406,-0.28458228437051425,1,0,1,0,1,1,0,0,0,0,0,0,0,0,0,1,0,1,0,0,0
0.5651457838967291,-1.5010107779053719,-0.6144930972629078,0,0,0,0,1,0,0,0,0,0,0,0,0,0,0,1,0,1,1,0,0
-0.9747193780872918,0.15306017911248976,-0.7193507967050393,0,0,1,0,1,0,0,0,0,0,0,0,1,0,1,0,0,0,0,1,0
-0.6910600061428669,0.034323280901835874,-0.5741780430545134,0,0,1,1,1,1,0,1,1,1,0,0,1,0,0,0,0,0,0,0,1
-0.6505372387222348,-1.0606947803741962,-0.7785595160631703,0,0,0,0,0,0,0,1,1,0,0,0,1,0,0,0,0,0,1,0,0
-1.2989015174523488,-1.5059581486641491,-1.0180934885170854,1,0,0,0,1,0,0,0,0,0,0,0,1,0,0,1,0,0,0,0,1
0.0383498074285114,-0.19985226834695416,-0.13810282598741003,0,0,0,0,1,1,1,0,1,0,0,0,1,0,0,0,0,0,0,1,0
1.2945555974681073,0.4564989189841614,1.1905374089868008,0,0,0,1,1,0,0,1,1,1,1,1,1,0,0,0,0,1,1,0,0
0.3220091793729363,-1.4828704184565218,-0.6805138183416922,0,0,1,1,1,0,0,0,0,0,0,0,0,0,0,1,0,1,0,0,1
-1.1773332151904525,0.7863236362359782,-0.8309562337006481,0,1,0,0,1,0,0,0,0,0,1,1,1,0,1,0,0,0,0,1,0
0.3220091793729363,1.0996571176252044,0.7359326903839583,1,0,1,0,1,0,0,0,1,1,1,1,1,0,1,0,0,1,1,0,0
-1.2178559826110846,-0.6962384678109387,-0.9609412225085855,0,0,0,0,0,0,0,0,0,0,1,1,1,0,0,0,0,0,0,1,0
-0.16426402967464926,0.06400750545449911,-0.17867493686450853,0,0,1,1,1,1,1,1,1,1,0,0,0,0,0,0,0,0,0,1,0
1.2135100626268431,1.6273766652281114,2.1330999489568163,1,0,1,0,1,1,1,1,1,1,1,1,1,0,1,0,1,0,0,1,0
-0.7315827735634991,0.2849900660132165,-0.5308211515997893,0,1,1,0,1,0,0,1,0,0,0,0,1,0,1,0,0,0,1,0,0
0.1599181096904078,0.6510955021627335,0.37691020976084827,0,0,1,1,1,1,1,0,1,1,1,1,1,0,0,0,0,1,0,0,0
1.5376922019919002,-1.3047650711405407,-0.2424035693140164,0,0,1,1,1,1,0,0,0,0,0,0,0,0,0,1,0,1,0,0,1
0.9298506906824182,0.2866391895994755,0.8140564962808846,0,0,0,0,1,0,1,0,1,0,1,1,1,0,0,0,0,1,0,0,0
-1.339424284872981,0.28828831318573495,-1.0037411578477844,0,1,1,0,1,1,0,0,0,0,0,0,1,0,1,0,0,0,0,1,0
0.28148641195230417,0.46969190767423424,0.3894203009711045,1,0,1,1,1,1,1,1,1,1,0,1,0,0,0,0,0,0,1,0,0
-1.2989015174523488,-0.11574696544774095,-0.9871610027163831,1,0,1,0,1,0,1,0,0,0,0,1,1,0,0,0,0,0,0,0,1
1.0514189929443147,1.0996571176252044,1.5426193595549054,0,1,1,0,1,1,0,0,0,1,1,1,1,0,1,0,0,0,0,1,0
1.2945555974681073,0.6675867380253244,1.3615657792311273,0,0,1,0,1,0,1,1,1,1,1,1,1,0,0,0,0,1,0,0,0
-0.8936738432460276,0.6247095247825878,-0.5997551815905511,1,0,0,0,1,0,0,1,0,0,0,1,1,0,1,0,0,0,0,1,0
-0.6100144713016027,-1.5158528901817034,-0.8700288473436405,0,0,0,0,1,0,0,0,0,0,0,0,1,0,0,1,1,0,1,0,0
0.3625319467935684,-1.293221206036727,-0.560039926275799,0,0,0,0,1,1,0,0,0,0,0,0,0,0,0,1,0,1,0,0,0
-1.1368104477698204,0.2783935716681801,-0.8424380982360888,1,1,0,0,1,0,1,0,0,0,0,0,1,0,1,0,0,0,0,1,0
-0.5694917038809706,0.7698324003733874,-0.25568483053038443,0,0,1,0,1,0,0,0,0,0,1,1,1,0,1,0,0,0,0,0,1
-0.9341966106666597,0.29323568394451194,-0.6822703722445022,0,0,0,0,1,0,0,1,0,0,0,0,1,0,1,0,0,0,0,1,0
-0.8936738432460276,-0.4851506487697757,-0.7760960563214246,0,0,0,0,0,0,1,1,0,1,1,0,1,0,0,0,0,0,0,0,0
0.6867140861586255,1.0996571176252044,1.1228672409504996,0,0,0,0,1,0,0,1,1,0,1,1,1,0,1,0,0,0,0,1,0
-1.339424284872981,-1.520800260940481,-1.0272404216451323,1,0,0,0,1,0,0,0,0,0,0,0,0,0,0,1,0,0,1,0,0
1.0108962255236824,1.5861485755716342,1.7754055944553435,0,0,1,0,1,1,1,1,1,1,1,1,0,0,1,0,0,1,0,1,0
-1.2583787500317167,0.816007860788642,-0.9206047469111324,0,0,0,0,1,0,0,1,1,0,0,1,0,0,1,0,0,0,0,1,0
-0.24530956451591351,0.9512359948618867,0.10374465648484006,0,0,0,0,1,1,1,1,0,0,0,1,1,0,1,0,0,0,1,0,0
-0.407400634198442,0.6692358616115833,-0.1328545856680388,0,0,0,0,1,0,0,1,1,1,0,0,1,0,1,0,0,0,0,1,0
-0.8936738432460276,-1.0442035445116054,-0.8460583129870021,0,0,0,0,0,0,0,1,0,1,0,0,0,0,0,0,0,0,0,0,1
-1.339424284872981,-1.3328001721069451,-1.0247983832924454,1,0,0,0,0,0,0,0,0,0,0,0,0,0,0,0,0,0,0,0,0
-0.8126283084047633,0.3064286726345848,-0.5914436826357917,0,1,0,0,1,1,0,0,0,0,0,0,1,0,1,0,0,0,0,1,0
-0.042695727412752855,-1.0425544209253463,-0.5583690579292236,0,0,0,1,0,0,1,0,0,1,0,0,0,0,0,0,1,0,1,0,0
1.5376922019919002,0.7929201305810147,1.6803160484239599,0,0,1,1,1,1,1,1,1,1,1,1,0,0,0,0,0,1,1,0,0
1.0919417603649468,1.2414817460434855,1.7570260426430149,1,0,1,0,1,1,0,0,1,1,1,1,1,0,1,0,1,0,0,0,0
-0.08321849483338499,0.6098674125062564,0.07227663595767118,1,0,1,0,1,0,0,1,0,0,0,1,0,0,1,0,0,0,0,0,0
1.3350783648887394,1.350323902736585,2.0682145614981406,1,0,0,1,1,1,0,1,0,1,1,1,1,0,1,0,1,0,0,0,0
-0.5289689364603384,0.09863910076594026,-0.3958878219193018,1,0,0,0,1,0,0,0,0,0,0,0,1,0,1,0,0,0,0,1,0
-1.2178559826110846,0.40207784063761143,-0.9074305926400577,0,0,0,0,1,0,0,0,0,0,1,0,0,0,1,0,0,0,0,1,0
-1.2583787500317167,1.3090958130801078,-0.897126904502843,0,0,0,0,1,1,0,1,1,0,1,1,1,0,1,0,0,0,0,0,0
-1.055764912928556,0.705516580509283,-0.7091113727350008,1,0,0,0,1,1,0,0,0,0,1,0,1,0,1,0,0,0,0,1,0
-1.1773332151904525,-0.37795761566293523,-0.9035533212204404,1,0,0,0,1,0,1,0,0,1,0,0,0,0,0,0,0,0,0,1,0
1.4161238997300039,-1.3426949136244997,-0.2994273069881644,1,0,1,0,1,1,0,0,0,0,0,0,1,0,0,1,0,1,1,0,0
1.3756011323093718,-1.52244938452674,-0.52426620654784,0,1,1,1,1,0,0,0,0,0,0,0,0,0,0,1,1,0,0,0,0
-0.2047867970952814,-1.156343948377223,-0.6687320543594303,1,0,0,0,0,0,0,1,0,0,0,0,1,0,0,0,0,0,0,1,0
-1.1773332151904525,-1.4944142835603353,-0.9833479954639419,0,0,0,1,1,0,0,0,0,0,0,0,0,0,0,1,0,0,1,0,0
-0.8531510758253954,0.235516358425444,-0.6371569268869681,0,0,1,1,1,1,0,1,1,1,1,0,1,0,0,0,0,0,0,1,0
-0.36687786677780987,-1.5372914968030718,-0.837982449311888,1,0,0,0,1,0,0,0,0,0,0,0,0,0,0,1,0,0,0,0,1
0.6461913187379933,-1.527396755285517,-0.5930502868151911,1,0,0,0,1,0,0,0,0,0,0,0,1,0,0,1,1,0,0,0,1
-0.6910600061428669,-1.527396755285517,-0.9040888559469069,1,0,1,0,1,0,0,0,0,0,0,0,0,0,0,1,1,0,0,0,1
-1.2583787500317167,-0.9633964887849102,-0.9954725016711425,0,1,1,0,0,0,0,0,0,0,1,0,1,0,0,0,0,0,0,0,1
-0.0021729599921207297,0.7978675013397917,0.28897540767505675,0,0,1,1,1,0,0,1,1,0,1,0,1,0,1,0,0,0,0,1,0
-1.1773332151904525,-1.5175020137679627,-0.996179407510078,1,0,0,0,1,0,0,0,0,0,0,0,1,0,0,1,0,0,1,0,0
0.28148641195230417,0.48123577277804763,0.43774695468743735,0,0,1,0,1,1,0,1,0,0,0,0,1,0,1,0,0,0,0,1,0
-0.407400634198442,-1.350940531555795,-0.7906626008813122,1,0,1,1,1,1,0,0,0,0,0,0,0,0,0,1,0,1,0,0,1
-0.407400634198442,-1.5158528901817034,-0.8417311923971531,1,0,1,1,1,0,0,0,0,0,0,0,0,0,0,1,0,1,0,0,1
-0.7315827735634991,-0.5346243563575482,-0.6933023876097111,0,0,0,0,1,0,0,0,0,1,0,0,1,0,0,0,0,0,0,0,1
-0.9747193780872918,0.8390955909962687,-0.6224618539927287,1,0,0,1,1,0,0,0,1,1,1,0,1,0,1,0,0,0,0,1,0
0.524623016476097,-1.50430902507789,-0.6279457295917452,0,0,1,1,1,0,0,0,0,0,0,0,0,0,0,1,1,0,0,0,1
0.848805155841154,-0.23283474007213584,0.279057304540898,0,0,1,0,1,0,1,1,1,0,0,0,0,0,0,0,0,1,0,1,0
0.24096364453167204,0.6346042663001427,0.4077784313943747,0,0,0,0,1,1,0,0,0,0,1,0,1,0,1,0,0,0,0,1,0
-1.2178559826110846,-1.0112210727864237,-0.977457113472811,1,0,0,0,0,0,1,0,1,0,0,0,0,0,0,0,0,0,0,0,1
-0.042695727412752855,-1.5026599014916309,-0.7873851283553375,1,0,1,1,1,0,0,0,0,0,0,0,0,0,0,1,1,0,0,0,1
1.2135100626268431,-1.3229054305893908,-0.3008839614441531,1,0,1,0,1,1,0,0,0,0,0,0,0,0,0,1,0,1,0,0,1
-1.339424284872981,-0.6385191422918708,-1.0157799784987502,0,0,0,0,1,0,0,0,0,0,0,0,0,0,0,0,0,0,0,0,1
0.848805155841154,-1.4960634071465946,-0.573321187492167,1,0,1,1,1,0,0,0,0,0,0,0,0,0,0,1,0,1,0,0,1
-1.339424284872981,-0.7094314565010114,-1.0167010982282725,0,0,0,0,1,0,0,0,0,0,0,0,1,0,0,0,0,0,0,0,1
1.5376922019919002,0.6197621540238109,1.5491314618287377,0,0,1,0,1,0,1,1,1,1,1,1,0,0,0,0,0,1,0,0,1
-1.339424284872981,0.9710254778969956,-0.9948727027775001,0,1,1,0,1,1,0,0,0,0,1,1,1,0,1,0,0,0,0,1,0
0.9703734581030503,-0.7110805800872704,-0.001798527407168421,1,0,1,1,1,0,0,0,0,0,0,0,1,0,0,0,1,0,0,0,1
-0.6505372387222348,0.6148147832650334,-0.3767371001008614,0,0,0,0,1,1,0,0,0,0,1,0,0,0,1,0,0,0,0,0,0
-1.2583787500317167,-0.4043435930430807,-0.954771862459692,0,0,0,0,1,0,0,0,0,0,1,0,0,0,0,0,0,0,1,0,0
0.524623016476097,-0.7836420178826702,-0.23220698812209517,1,0,0,0,0,0,1,0,1,1,0,0,0,0,0,0,0,1,0,0,1
-0.5289689364603384,0.9446395005168503,-0.20088891731833705,1,0,1,0,1,1,0,0,0,0,1,1,1,0,1,0,0,0,0,1,0
1.456646667150636,0.9611307363794411,1.9029913876887108,1,0,1,0,1,1,1,1,1,1,1,1,1,0,0,0,0,1,1,0,0
-0.9341966106666597,-0.3647646269728626,-0.7709120801692294,1,0,0,0,1,0,1,0,0,1,0,0,1,0,0,0,1,0,0,0,1
0.28148641195230417,-0.30869442504005384,-0.022812910073712108,1,0,0,0,1,1,0,1,0,0,0,0,1,0,0,0,1,0,1,0,0
0.20044087711103992,0.5191656152620068,0.3412435969781825,0,0,0,0,1,1,0,1,0,0,0,0,0,0,1,0,1,0,1,0,0
1.456646667150636,1.0551307807962091,1.955880797274538,1,0,1,0,1,1,0,0,1,0,1,1,1,0,1,0,1,0,0,1,0
-1.339424284872981,0.820955231547419,-0.9968220491818378,0,0,0,0,1,0,0,0,0,0,1,1,1,0,1,0,0,0,0,1,0
0.11939534226977566,0.8407447145825282,0.40786411695060926,0,0,0,0,1,1,1,0,0,0,1,0,1,0,1,0,0,0,0,1,0
-1.1773332151904525,0.8489903325138237,-0.842930790184438,0,1,0,0,1,0,0,0,0,0,1,1,1,0,1,0,0,0,0,1,0
-0.7721055409841312,0.8522885796863416,-0.4356887627902886,1,1,0,0,1,0,0,0,0,0,1,1,1,0,1,0,0,0,0,1,0
-0.4479234016190741,0.4251655708452387,-0.24600236267587103,1,0,0,0,1,1,1,0,1,0,1,1,1,0,0,0,1,0,0,1,0
-1.2178559826110846,-0.4933962667010711,-0.9436970043163657,1,0,0,0,1,1,0,0,0,0,0,0,0,0,0,0,0,0,0,1,0
-0.36687786677780987,0.2849900660132165,-0.19921804897176168,0,0,0,0,1,0,1,0,0,0,0,0,0,0,1,0,0,0,0,0,0
0.6867140861586255,-1.3410457900382406,-0.49549728104206203,0,1,0,0,1,1,0,0,0,0,0,0,0,0,0,1,1,0,0,0,0
-0.9341966106666597,-1.4746248005252263,-0.9210760174704228,0,0,1,1,1,0,0,0,0,0,0,0,0,0,0,1,0,0,0,0,0
-0.6910600061428669,-0.3350804024201991,-0.6354003729841582,0,0,0,0,1,0,1,1,0,0,0,0,1,0,0,0,0,0,1,0,0
-1.339424284872981,-1.524098508112999,-1.0272832644232497,0,0,0,0,1,0,0,0,0,0,0,0,0,0,0,1,0,0,0,0,1
0.6461913187379933,0.9693763543107365,1.0588387090541707,1,1,1,0,1,1,0,1,1,0,1,0,1,0,1,0,0,0,0,1,0
1.5376922019919002,1.3173414310114033,2.212509038197262,0,0,1,0,1,1,1,1,1,1,0,1,0,0,1,0,0,1,0,0,0
-0.2858323319365456,-1.5109055194229262,-0.8342551276156814,0,0,0,0,1,0,0,0,0,0,0,0,0,0,0,1,0,1,1,0,0
0.24096364453167204,0.5125691209169704,0.3748965991893345,0,0,1,1,1,1,0,0,1,0,0,0,1,0,1,0,0,0,0,1,0
-1.1773332151904525,-0.8463087141605153,-0.9398839970639247,0,0,0,0,0,0,1,0,1,1,0,0,0,0,0,0,0,0,0,0,1
-0.36687786677780987,0.9908149609321049,-0.03380208266080376,0,0,1,0,1,0,0,0,0,1,1,1,1,0,1,0,0,0,1,0,0
-0.32635509935717777,1.3222888017701806,0.12553020915749533,0,1,1,1,1,1,0,1,1,0,1,1,0,0,1,0,0,0,0,1,0
-0.7315827735634991,-1.5026599014916309,-0.9087372973726356,1,0,0,0,1,0,0,0,0,0,0,0,0,0,0,1,1,0,0,0,1
-1.339424284872981,-0.5313261091850303,-1.0143875882099374,1,1,1,0,1,0,1,0,0,0,0,0,1,0,0,0,0,0,0,1,0
0.6056685513173612,0.28993743677199396,0.5589491739813249,1,0,0,0,1,0,0,0,1,1,1,1,1,0,0,0,0,1,0,0,0
0.1599181096904078,-0.18665927965688153,-0.0959883750980883,0,0,1,0,0,0,1,1,0,1,1,1,1,0,0,0,0,1,0,0,0
-1.015242145507924,0.7500429173382787,-0.697758036533912,1,0,0,0,1,0,0,0,0,0,1,1,1,0,1,0,0,0,0,0,1
-0.042695727412752855,-1.3657826438321268,-0.6763794902533712,1,0,1,1,1,1,0,0,0,0,0,0,0,0,0,1,0,0,0,0,0
-0.16426402967464926,0.1563584262850082,-0.15958847921324418,0,0,0,0,1,0,1,1,0,1,1,0,0,0,0,0,1,0,0,1,0
-0.2858323319365456,-1.3575370259008315,-0.7091756369021767,1,0,1,1,1,1,0,0,0,0,0,0,0,0,0,1,0,1,0,1,0
-0.4479234016190741,-0.8248701075391472,-0.6297237048836137,0,0,0,1,0,0,1,1,0,1,0,0,0,0,0,0,1,0,0,0,0
-1.1773332151904525,-0.49669451387358937,-0.9285306608628359,1,0,0,0,1,1,0,0,0,0,0,0,1,0,0,0,0,0,0,0,1
-0.32635509935717777,0.3245690320834346,-0.17100607958150899,0,0,0,0,1,0,0,1,0,0,0,0,0,0,1,0,1,0,0,0,0
-1.339424284872981,0.10853384228349468,-1.0060760892551783,1,0,1,0,1,0,0,0,0,0,0,0,1,0,1,0,0,0,0,1,0
-0.7721055409841312,-0.54946646863388,-0.7146166697230759,0,0,0,0,1,1,0,0,0,0,0,0,1,0,0,0,0,0,0,1,0
1.5376922019919002,1.4921485311548666,2.494992895713787,0,0,1,0,1,1,1,0,1,1,1,1,1,0,1,0,0,1,1,0,0
-0.2858323319365456,0.33281465001473004,-0.2091789948840377,0,0,1,1,1,1,0,0,0,0,0,0,1,0,1,0,0,0,0,0,0
-1.015242145507924,-1.4977125307328536,-0.9558643533016835,1,0,0,0,1,0,0,0,0,0,0,0,0,0,0,1,0,0,0,0,1
1.0919417603649468,0.9380430061718138,1.3799881738215731,0,0,1,0,1,1,0,1,0,1,1,0,1,0,1,0,0,1,0,1,0
-0.6505372387222348,0.26025321221933023,-0.45319003765121224,1,1,0,0,1,0,0,1,0,0,0,0,1,0,1,0,0,0,0,1,0
-1.2989015174523488,-0.3697119977316398,-0.9982144394706506,0,0,0,0,1,0,1,0,0,1,0,0,1,0,0,0,0,0,0,0,1
-0.36687786677780987,0.7714815239596464,-0.10273611265156561,0,1,1,0,1,1,1,0,0,0,0,1,1,0,1,0,1,0,0,1,0
1.2135100626268431,-0.24108035800343128,0.5737513538208576,1,0,1,0,1,1,0,0,1,1,0,0,0,0,0,0,1,0,0,0,0
-1.055764912928556,-0.666554243258275,-0.8592110458690182,1,0,1,1,1,0,0,0,0,0,0,0,1,0,0,0,0,0,0,1,0
0.9703734581030503,1.444323947153353,1.5968797380404867,1,0,1,0,1,1,1,1,1,0,1,1,1,0,1,0,0,1,0,0,0
0.48410024905546484,0.235516358425444,0.3565170473770058,0,0,0,0,1,1,0,0,0,0,0,0,0,0,1,0,0,0,0,0,0
1.5376922019919002,1.4377274528083166,2.4388474349910436,1,0,1,0,1,1,0,1,1,1,1,1,1,0,1,0,1,0,0,1,0
1.3756011323093718,1.7461135634387652,2.387543208195557,1,0,1,0,1,1,1,1,1,1,1,1,0,0,1,0,0,1,0,0,1
0.20044087711103992,-1.5092563958366674,-0.6966655456919204,0,0,0,0,1,0,0,0,0,0,0,0,0,0,0,1,1,0,0,0,1
0.6056685513173612,1.0073061967946957,0.9858131937532052,0,1,0,0,1,1,0,0,0,0,1,1,1,0,1,0,0,0,0,1,0
1.0108962255236824,-0.1421329428278862,0.5262172914996953,0,0,0,0,1,0,0,0,1,0,0,1,1,0,0,0,1,0,0,0,0
-1.2583787500317167,-0.2674663353835768,-0.9664465194966607,1,0,0,0,1,0,0,0,1,0,1,0,0,0,0,0,0,0,0,1,0
0.7272368535792576,1.347025655564067,1.3729405368212748,1,1,1,0,1,1,0,1,1,0,1,1,1,0,1,0,1,0,0,1,0
1.5376922019919002,-1.50430902507789,-0.4256849740998952,1,0,1,0,1,0,0,0,0,0,0,0,0,0,0,1,0,1,0,0,0
-0.5694917038809706,0.664288490852806,-0.2955071927904299,1,1,0,0,1,1,0,0,0,0,0,1,1,0,1,0,0,0,1,0,0
1.5376922019919002,0.07060399979953555,1.0228293540465663,0,0,1,0,1,1,1,1,1,1,0,0,1,0,0,0,0,1,0,0,0
-1.339424284872981,-0.49834363745984855,-1.0139591604287643,1,0,0,0,1,0,0,1,0,0,0,0,0,0,0,0,0,0,0,1,0
1.5376922019919002,-0.023396044617232076,0.912016508446128,0,1,1,0,0,0,1,1,1,1,1,1,1,0,0,0,0,1,1,0,0
1.0108962255236824,-1.0178175671314602,-0.1872006497098545,0,0,1,1,0,0,1,0,1,0,0,0,0,0,0,0,1,0,0,0,1
1.2135100626268431,0.9545342420344047,1.5129721570977226,1,0,1,0,1,1,1,0,1,0,1,0,1,0,1,0,0,1,1,0,0
0.9703734581030503,-0.19490489758817695,0.517156043927883,1,0,1,1,0,0,1,0,1,1,1,1,0,0,0,0,0,1,0,0,1
0.9703734581030503,1.0963588704526863,1.4409962898606314,0,1,1,0,1,1,0,1,0,0,1,1,1,0,1,0,0,0,0,1,0
-0.2047867970952814,-1.3047650711405407,-0.7389085249155942,1,0,1,1,1,1,0,0,0,0,0,0,0,0,0,1,0,1,0,0,1
1.3756011323093718,1.1392360836954225,1.8998210221080296,1,1,1,0,1,1,0,1,0,0,1,1,1,0,1,0,0,0,0,1,0
-1.339424284872981,-1.4977125307328536,-1.0269405221983112,1,0,0,0,1,0,0,0,0,0,0,0,1,0,0,1,0,0,0,0,1
-0.5694917038809706,0.7830253890634603,-0.2339635420249051,1,0,0,0,1,0,1,0,1,0,1,0,1,0,1,0,0,0,0,0,0
1.2135100626268431,1.1046044883839818,1.6082973384087513,0,0,0,1,1,0,0,1,0,1,1,1,1,0,1,0,0,0,1,0,0
-0.2858323319365456,0.9858675901733274,0.03982323153380414,0,1,1,0,1,1,0,1,1,0,0,1,1,0,1,0,0,0,0,1,0
-0.8936738432460276,-1.5026599014916309,-0.9360495684224248,1,0,1,1,1,0,0,0,0,0,0,0,1,0,0,1,0,0,1,0,0
0.20044087711103992,-1.3344492956932041,-0.612350958357042,0,0,1,1,1,1,0,0,0,0,0,0,0,0,0,1,0,1,0,0,1
1.0108962255236824,0.7945692541672736,1.3194084855636878,1,1,0,0,1,1,1,1,1,0,0,0,1,0,1,0,0,0,0,1,0
1.172987295206211,1.4212362169457258,1.9084109991205511,1,0,1,0,1,1,0,1,1,1,1,1,1,0,1,0,0,0,0,1,0
0.4435774816348327,0.14481456118119435,0.276422473686683,1,1,0,0,1,1,1,0,0,1,0,1,1,0,0,0,0,0,0,1,0
1.456646667150636,-1.3723791381771633,-0.2795482579417296,1,0,1,1,1,1,0,0,0,0,0,0,0,0,0,1,0,1,0,0,1
-0.5289689364603384,-0.7292209395361204,-0.6022614841104141,0,0,0,0,0,0,1,0,0,1,1,0,1,0,0,0,0,0,0,0,1
-1.2583787500317167,0.15306017911248976,-0.9411907017965028,0,0,0,0,1,0,0,0,0,0,0,0,1,0,1,0,0,0,0,0,1
1.497169434571268,0.4927796378818611,1.4099352757255772,0,0,0,0,1,1,1,1,1,1,0,1,0,0,0,0,0,1,0,0,0
-0.4884461690397063,-0.14872943717292264,-0.42637045854977235,1,0,1,1,1,0,1,1,1,0,0,0,0,0,0,0,0,0,0,0,1
1.132464527785579,1.1986045328007493,1.7616959054578023,0,0,0,0,1,1,1,1,0,1,0,1,0,0,1,0,1,0,0,1,0
0.4435774816348327,-1.543887991148108,-0.6640407701555842,0,0,0,0,1,0,0,0,0,0,0,0,0,0,0,1,1,0,0,0,0
-1.2178559826110846,0.14976193193997178,-0.9155064563151717,0,1,1,0,1,0,0,0,0,0,0,0,1,0,1,0,0,0,0,1,0
1.2945555974681073,1.328885296115217,1.9527746958610326,1,1,1,0,1,1,0,0,1,1,1,1,1,0,1,0,1,0,1,0,0
0.8082823884205218,-1.5026599014916309,-0.5731498163796976,1,0,0,0,1,0,0,0,0,0,0,0,0,0,0,1,0,1,0,0,1
1.5376922019919002,-0.0019574379958642607,0.9207992779601778,0,0,0,0,0,0,1,1,1,1,1,1,1,0,0,0,0,1,0,0,0
-1.096287680349188,-0.8430104669879971,-0.9099583165489792,1,0,0,0,0,0,0,1,0,0,0,1,1,0,0,0,0,0,1,0,0
0.1599181096904078,0.11018296586975367,0.10805035568563023,0,0,1,0,1,1,0,0,1,1,0,1,0,0,0,0,1,0,1,0,0
0.7272368535792576,-0.19160665041565875,0.2939023271585481,1,1,0,0,1,1,1,0,1,0,0,0,0,0,0,0,0,1,0,0,0
0.3220091793729363,0.024428539384281463,0.13304911671708441,1,0,1,0,1,1,1,1,0,1,0,0,1,0,0,0,0,0,1,0,0
1.456646667150636,0.10853384228349468,1.0459858756189757,0,0,1,1,1,1,1,0,1,0,1,0,0,0,0,0,0,1,1,0,0
-1.096287680349188,-1.350940531555795,-0.9717590239832078,1,0,1,1,0,0,0,0,0,0,0,0,1,0,0,0,0,0,0,1,0
-0.7315827735634991,0.9561833656206642,-0.40961893230590163,1,0,1,0,1,0,0,1,0,0,1,1,1,0,1,0,0,0,0,0,0
-1.2178559826110846,0.32951640284221206,-0.9060810451293622,1,0,0,0,1,1,0,0,0,0,0,0,1,0,1,0,0,0,0,1,0
-0.7315827735634991,0.8259026023061964,-0.4465708284320869,1,0,1,0,1,1,1,1,1,0,0,0,0,0,1,0,0,0,0,1,0
0.6867140861586255,-1.3426949136244997,-0.5119703292281701,0,0,1,1,1,1,0,0,0,0,0,0,1,0,0,1,0,1,0,0,1
-0.24530956451591351,-1.4960634071465946,-0.8265648489436231,0,0,1,1,1,0,0,0,0,0,0,0,1,0,0,1,0,1,1,0,0
1.172987295206211,1.0666746459000227,1.628540551069183,1,0,0,0,1,1,1,1,1,0,1,0,0,0,1,0,0,1,1,0,0
1.456646667150636,0.6857270974741743,1.5136147987694824,1,0,1,0,1,0,1,1,1,1,1,1,0,0,0,0,0,1,1,0,0
-1.339424284872981,1.1408852072816815,-0.9926662997044582,1,0,0,0,1,1,0,1,0,0,1,1,1,0,1,0,0,0,1,0,0
-0.32635509935717777,1.0699728930725405,0.04003744542439072,1,1,1,0,1,1,0,0,1,0,1,1,1,0,1,0,0,0,0,0,0
1.0919417603649468,1.2612712290785948,1.7273788401858317,0,0,1,1,1,0,0,1,1,1,1,1,0,0,1,0,1,0,1,0,0
1.5376922019919002,-1.308063318313059,-0.27472844540353153,1,0,1,0,1,1,0,0,0,0,0,0,1,0,0,1,0,1,0,0,1
0.48410024905546484,-0.663255996085757,-0.1521338358208311,1,0,1,0,0,0,1,1,0,0,1,0,0,0,0,0,0,0,0,1,0
-0.08321849483338499,0.44990242463912494,0.06544321284795931,1,1,1,0,1,1,0,0,1,0,0,0,0,0,1,0,0,0,0,0,1
0.28148641195230417,-1.52244938452674,-0.6936451298346495,0,0,1,1,1,0,0,0,0,0,0,0,0,0,0,1,1,0,0,0,0
-0.5694917038809706,1.403095857496876,-0.0914898833957701,0,0,0,0,1,0,1,1,1,1,1,1,1,0,1,0,0,0,0,0,0
0.7677596209998897,-0.3548698854553082,0.26926772974109126,0,0,0,0,0,0,0,0,1,1,1,1,0,0,0,0,1,0,1,0,0
-0.2858323319365456,0.6461481314039561,-0.05569474227875231,1,1,0,0,1,1,0,0,0,0,0,1,1,0,1,0,0,0,0,1,0
-1.1368104477698204,-1.5010107779053719,-0.9797063593239701,0,0,0,0,1,0,0,0,0,0,0,0,0,0,0,1,0,0,0,0,0
1.3756011323093718,1.1425343308679403,1.8581349989998812,0,0,1,0,1,0,0,1,0,1,1,1,1,0,1,0,1,0,0,1,0
-1.096287680349188,-1.5405897439755898,-0.9796849379349113,0,0,0,0,1,0,0,0,0,0,0,0,1,0,0,1,0,0,0,0,1
1.132464527785579,1.292604577217517,1.6690055550009884,1,1,1,0,1,1,1,0,1,0,1,1,1,0,1,0,1,0,0,1,0
1.497169434571268,-1.5356423732168125,-0.44762047649596115,1,0,1,0,1,0,0,0,0,0,0,0,0,0,0,1,0,1,1,0,0
1.456646667150636,0.8077622428573465,1.636509307799004,0,0,1,1,1,1,1,1,1,1,1,1,1,0,0,0,0,1,1,0,0
-0.6505372387222348,0.7896218834084963,-0.33599361811129375,0,0,0,0,1,1,0,0,1,0,1,0,1,0,1,0,1,0,1,0,0
-0.6505372387222348,-0.31034354862631286,-0.6201055011962764,0,0,0,0,1,1,1,0,0,0,0,0,0,0,0,0,0,0,0,0,1
0.7272368535792576,-0.4851506487697757,0.0828588021526484,1,0,1,1,1,0,0,0,1,0,0,0,1,0,0,0,1,0,0,0,0
1.5376922019919002,1.7197275860586199,2.685193409165612,0,0,1,0,1,1,1,1,1,1,1,1,1,0,1,0,1,0,0,0,0
0.8082823884205218,0.4564989189841614,0.8367203259049447,1,1,0,0,1,1,0,1,0,0,0,0,1,0,1,0,0,0,0,1,0
-1.2583787500317167,-0.013501303099677665,-0.945689193498821,0,0,0,0,1,1,0,0,0,1,1,0,1,0,0,0,0,0,0,0,1
0.3220091793729363,-1.5372914968030718,-0.7092184796802941,1,0,1,1,1,0,0,0,0,0,0,0,1,0,0,1,1,0,0,1,0
1.456646667150636,0.7698324003733874,1.660565527711877,1,0,1,1,1,1,1,1,1,1,1,1,1,0,0,0,0,1,0,0,0
-0.8531510758253954,-0.7143788272597885,-0.7531323272505432,0,0,0,1,1,0,0,0,0,0,0,0,0,0,0,0,0,0,0,0,1
1.5376922019919002,0.6840779738879152,1.5602063199720637,1,0,1,0,1,1,1,1,0,1,1,1,1,0,0,0,0,1,0,0,0
-1.2989015174523488,-1.5092563958366674,-1.0110244301277282,1,0,0,0,1,0,0,0,0,0,0,0,0,0,0,1,0,0,0,1,0
-0.8531510758253954,-1.5109055194229262,-0.9276523839114308,0,0,1,1,1,0,0,0,0,0,0,0,1,0,0,1,0,0,0,0,1
0.48410024905546484,-0.9040280396795832,-0.2835754790847574,0,0,0,0,0,0,1,0,1,1,0,0,0,0,0,0,0,1,0,0,1
1.5376922019919002,1.6438679010907022,2.5257968531801374,1,0,1,0,1,1,1,1,1,1,1,1,1,0,1,0,0,1,0,0,0
-0.7721055409841312,0.9561833656206642,-0.4850650645704956,1,1,1,0,1,0,0,1,0,0,1,1,1,0,1,0,0,0,0,1,0
1.5376922019919002,-1.4795721712840038,-0.38389184404645327,0,0,0,0,1,0,0,0,0,0,0,0,1,0,0,1,0,1,0,0,1
-1.339424284872981,0.43835855953531155,-1.0017918114434465,0,0,0,0,1,0,0,0,0,0,1,0,1,0,1,0,0,0,0,1,0
0.4030547142142006,-0.38620323359423064,-0.017928833368338018,0,0,0,0,0,0,0,1,1,0,1,1,1,0,0,0,1,0,0,0,1
-0.6100144713016027,1.0270956798298045,-0.28884514079318724,1,0,1,0,1,0,0,0,1,0,1,1,1,0,1,0,0,0,0,1,0
1.0108962255236824,-0.37960673924919447,0.29942904553568195,0,0,0,0,1,1,0,0,1,0,0,0,0,0,0,0,0,1,1,0,0
1.5376922019919002,1.5960433170891886,2.5157073789335094,0,0,1,1,1,1,1,1,1,1,1,1,1,0,1,0,0,1,1,0,0
-0.24530956451591351,-0.3631155033866036,-0.38547702683679397,1,0,0,0,1,0,0,1,0,1,0,0,0,0,0,0,0,0,0,0,0
1.5376922019919002,1.2942537008037764,2.203105048400511,0,0,1,1,1,0,1,0,1,1,1,1,1,0,1,0,0,1,1,0,0
0.28148641195230417,-1.5142037665954444,-0.6898963867493844,1,0,0,0,1,0,0,0,0,0,0,0,1,0,0,1,1,0,0,0,1
-1.1773332151904525,0.9314465118267778,-0.8270361195029137,1,0,0,0,1,1,0,0,0,0,1,1,1,0,1,0,0,0,0,0,1
0.1599181096904078,0.601621794574961,0.34974788843446974,1,0,0,0,1,0,1,1,1,0,0,0,1,0,1,0,0,0,1,0,0
-0.16426402967464926,0.649446378576474,0.04847747271350213,1,0,0,0,1,0,1,1,1,1,1,1,0,0,0,0,1,0,0,0,0
-0.7721055409841312,1.246429116802263,-0.3759230873166325,0,0,1,0,1,1,0,0,1,1,1,1,1,0,1,0,0,0,0,1,0
0.4435774816348327,1.0353412977610998,0.8430610570663076,1,1,0,0,1,1,1,1,0,1,1,0,1,0,1,0,0,0,0,1,0
-1.2178559826110846,0.5059726265719339,-0.8895865755541954,0,0,0,0,1,0,0,0,0,0,1,0,1,0,1,0,0,0,0,1,0
-1.2178559826110846,-0.3350804024201991,-0.9382131287173493,1,0,0,0,1,0,0,0,0,0,1,0,0,0,0,0,0,0,1,0,0
-1.1773332151904525,-0.48350152518351674,-0.9045387051171389,0,0,0,0,0,0,0,1,0,0,1,1,1,0,0,0,0,0,0,0,1
1.0108962255236824,0.9594816127931821,1.362572584516884,1,0,1,0,1,1,1,1,0,0,1,0,1,0,1,0,0,0,0,1,0
0.524623016476097,0.26190233580558925,0.4735849385825724,0,0,1,0,1,0,0,1,1,0,1,1,0,0,0,0,0,1,0,1,0
-1.2583787500317167,-0.0679223814462274,-0.968931400627465,1,0,0,0,1,1,0,0,0,1,1,0,1,0,0,0,0,0,0,1,0
-1.2989015174523488,-1.5109055194229262,-1.0133379401460634,1,0,1,0,1,0,0,0,0,0,0,0,0,0,0,1,0,0,0,0,0
0.24096364453167204,-0.8693964443681426,-0.33410853587413175,1,1,1,0,0,0,0,1,0,0,1,0,1,0,0,0,0,0,0,1,0
0.3220091793729363,-0.19820314476069517,0.05111230356771712,1,0,0,0,1,0,1,1,1,0,0,0,0,0,0,0,0,0,0,0,0
1.5376922019919002,-0.0003083144096048011,0.9627852005151477,0,0,1,1,0,0,1,1,1,1,1,1,1,0,0,0,0,1,0,0,0
-0.7315827735634991,-1.5158528901817034,-0.9064237873543005,1,0,1,1,1,0,0,0,0,0,0,0,0,0,0,1,0,1,0,0,1
-1.1773332151904525,-1.5109055194229262,-0.9893245630113074,1,0,0,0,1,0,0,0,0,0,0,0,0,0,0,1,0,0,1,0,0
1.5376922019919002,-1.5158528901817034,-0.44447153230433845,1,0,1,1,1,0,0,0,0,0,0,0,0,0,0,1,0,1,1,0,0
-0.4479234016190741,0.5340077275383381,-0.2597977372296469,1,0,1,1,1,1,1,0,0,0,0,0,0,0,1,0,1,0,1,0,0
1.5376922019919002,-1.327852801348168,-0.26568861922077786,0,0,1,0,1,1,0,0,0,0,0,0,0,0,0,1,0,1,0,0,1
-1.339424284872981,-1.5257476316992582,-1.0273046858123083,1,0,0,0,1,0,0,0,0,0,0,0,1,0,0,1,0,0,0,0,1
-0.5694917038809706,1.0270956798298045,-0.2530071568980522,0,0,1,1,1,1,0,1,0,1,1,0,0,0,1,0,0,0,0,0,1
-0.6100144713016027,0.8226043551336779,-0.3244260680196184,0,1,0,0,1,1,1,0,0,0,1,0,1,0,1,0,0,0,0,1,0
-0.4884461690397063,1.2843589592862217,-0.10140798652992865,0,0,1,0,1,0,1,1,0,1,1,1,1,0,1,0,0,0,0,1,0
-0.7721055409841312,0.9908149609321049,-0.413924631506692,0,0,0,0,1,1,0,1,0,1,0,1,0,0,1,0,0,0,0,1,0
-0.6910600061428669,-0.3152909193850901,-0.6299164973851417,0,0,0,0,1,0,1,1,0,0,0,0,0,0,0,0,1,0,0,0,1
-1.2583787500317167,0.12172683097356707,-0.9536365288395832,0,0,0,0,1,0,0,0,0,1,1,1,1,0,0,0,0,0,0,1,0
1.2945555974681073,1.3997976103243575,2.065601152032985,1,1,0,0,1,1,0,1,1,0,1,1,0,0,1,0,1,0,0,0,0
-1.2583787500317167,0.16625316780256263,-0.9389414559453436,0,0,0,1,1,0,0,0,0,1,1,1,0,0,0,0,0,0,0,0,1
0.1599181096904078,-1.345993160797018,-0.6261463329108179,0,1,1,0,0,0,0,0,0,0,0,0,1,0,0,0,0,0,0,1,0
1.5376922019919002,-0.8957824217482878,0.14812977461437965,0,0,1,1,0,0,1,1,1,0,0,0,0,0,0,0,0,1,1,0,0
-1.055764912928556,1.1705694318343451,-0.6744944080162092,1,0,1,0,1,0,0,1,1,0,1,1,0,0,1,0,0,0,0,1,0
-0.32635509935717777,-0.3598172562140854,-0.4328611394345457,1,0,0,0,1,0,0,1,1,0,0,0,1,0,0,0,0,0,1,0,0
1.456646667150636,-1.5010107779053719,-0.4310188999755011,1,0,1,1,1,0,0,0,0,0,0,0,1,0,0,1,0,1,1,0,0
-0.8936738432460276,0.9528851184481457,-0.5328347621713032,0,0,0,0,1,1,0,0,0,0,1,1,0,0,1,0,0,0,0,1,0
1.497169434571268,1.3800081272892486,2.269082926701178,0,1,1,0,1,1,1,1,1,0,1,1,1,0,1,0,0,0,0,1,0
-0.16426402967464926,0.4037269642238709,-0.02818967872743537,0,1,1,0,1,1,0,0,0,0,0,0,0,0,1,0,0,0,0,0,1
-1.015242145507924,-1.5109055194229262,-0.957149636645203,0,1,1,0,1,0,0,0,0,0,0,0,0,0,0,1,1,0,1,0,0
-0.9747193780872918,-0.19820314476069517,-0.7618722539864756,0,0,0,0,1,0,0,1,0,0,1,0,1,0,0,0,0,0,0,0,1
-0.8531510758253954,0.024428539384281463,-0.67927137777629,0,0,0,1,1,0,0,0,0,0,1,1,0,0,0,0,0,0,1,0,0
1.0919417603649468,1.6306749124006292,1.9606577670346186,1,0,0,0,1,1,1,1,1,1,1,1,1,0,1,0,1,0,0,0,1
-1.339424284872981,-0.4752559072522213,-1.0136592609819433,0,0,0,0,1,0,0,0,0,1,0,0,0,0,0,0,0,0,0,0,1
-0.32635509935717777,0.5356568511245976,-0.1451076202095912,1,0,1,0,1,0,0,1,1,1,1,1,0,0,0,0,0,0,0,0,0
-0.7721055409841312,-1.5059581486641491,-0.9122075624001382,0,0,1,1,1,0,0,0,0,0,0,0,1,0,0,1,0,0,0,1,0
0.4030547142142006,-0.38290498642171267,-0.01801451892457277,0,0,1,1,0,0,1,1,1,1,0,1,1,0,0,0,0,1,1,0,0
0.1599181096904078,0.608218288919997,0.33006163188956306,1,0,0,0,1,1,1,1,1,0,1,1,0,0,0,0,1,0,0,0,0
1.497169434571268,0.3707444924986892,1.3304619223179555,0,0,0,1,1,0,1,1,1,1,1,0,1,0,0,0,0,1,1,0,0
1.4161238997300039,1.605938058606743,2.2486255001501596,0,0,1,1,1,1,1,1,1,1,1,1,1,0,1,0,0,1,0,0,0
-0.7315827735634991,0.8292008494787144,-0.41773763875913306,0,0,1,1,1,1,0,0,1,0,1,0,1,0,1,0,0,0,0,0,0
0.6461913187379933,1.2959028243900355,1.2017836382425964,1,1,0,0,1,1,0,0,1,1,1,1,1,0,1,0,0,0,0,1,0
-0.6505372387222348,-1.3822738796947178,-0.8537485916590604,0,0,0,0,1,1,0,0,0,0,0,0,0,0,0,1,1,0,0,0,1
0.8893279232617861,-0.45051905345833504,0.20035512113938816,0,0,1,1,0,0,1,1,0,1,1,0,1,0,0,0,1,0,0,0,1
1.497169434571268,1.0402886685198773,1.9249483114738355,0,0,1,1,1,1,1,0,0,0,1,1,1,0,1,0,0,1,0,1,0
1.172987295206211,-0.06957150503248663,0.6841786144182402,1,0,1,1,1,0,1,1,1,1,0,0,0,0,0,0,0,1,0,0,1
1.2135100626268431,1.0996571176252044,1.6959536624367804,1,0,1,0,1,0,1,0,1,0,1,1,1,0,1,0,0,1,0,0,0
0.6867140861586255,0.31467429056588025,0.6357876965347316,0,0,1,0,1,1,0,0,0,1,1,1,1,0,0,0,0,1,0,0,0
-0.042695727412752855,0.977621972242032,0.3675490627422147,0,0,0,1,1,1,1,0,1,0,0,1,1,0,1,0,0,0,0,0,0
-1.339424284872981,-1.5175020137679627,-1.0271975788670151,0,0,0,0,1,0,0,0,0,0,0,0,0,0,0,1,0,0,0,0,1
-1.339424284872981,0.6263586483688472,-0.9993497730907595,0,0,0,0,1,1,0,0,0,0,1,0,1,0,1,0,0,0,0,0,1
1.2540328300474752,-1.331151048520686,-0.28648878799673483,1,0,1,1,1,1,0,0,0,0,0,0,1,0,0,1,0,1,0,0,0
0.6056685513173612,-0.45711554780337144,0.05312591413923091,0,0,1,1,0,0,0,1,0,0,1,1,1,0,0,0,1,0,0,0,0
-0.7721055409841312,0.4532006718116434,-0.5403108269527749,0,1,0,0,1,0,0,0,0,0,0,1,1,0,1,0,0,0,0,1,0
1.0514189929443147,-0.17016804379429068,0.5471888313881216,0,0,1,1,1,0,1,1,1,0,0,0,0,0,0,0,0,1,0,0,0
0.848805155841154,0.6131656596787745,0.9308030666505713,1,0,0,0,1,1,1,0,1,0,0,0,1,0,1,0,1,0,1,0,0
1.2945555974681073,0.87372718630771,1.5593280430206586,1,0,0,0,1,1,0,0,1,0,1,0,1,0,1,0,1,0,0,0,0
1.0919417603649468,1.350323902736585,1.7184889637264884,1,0,0,0,1,1,0,0,1,1,1,1,1,0,1,0,0,1,0,1,0
-0.5289689364603384,0.6890253446466922,-0.2399186881832121,0,1,1,0,1,0,0,0,1,0,1,0,0,0,1,0,0,0,0,0,0
-1.2583787500317167,0.7846745126497193,-0.9326007247839809,1,0,0,0,1,0,0,0,0,0,1,1,1,0,1,0,0,0,0,1,0
-0.5289689364603384,-1.4894669128015583,-0.8515850313641359,0,1,0,0,1,0,0,0,0,0,0,0,0,0,0,1,1,0,0,0,0
-0.5694917038809706,-1.5191511373542217,-0.883031630502246,0,0,0,0,1,0,0,0,0,0,0,0,1,0,0,1,0,0,1,0,0
1.172987295206211,-1.48616866562904,-0.47921702535748184,1,0,0,0,1,0,0,0,0,0,0,0,1,0,0,1,0,1,0,0,1
-0.12374126225401712,0.3245690320834346,0.0030855492982054733,0,0,1,0,1,0,1,1,1,1,0,1,1,0,0,0,1,0,1,0,0
-1.2989015174523488,-1.5257476316992582,-1.009460668726446,1,0,0,0,1,0,0,0,0,0,0,0,0,0,0,1,0,0,0,0,1
0.24096364453167204,-0.4802032780109985,-0.13895968154975635,0,0,0,0,1,0,0,0,0,1,0,0,1,0,0,0,0,0,0,1,0
0.20044087711103992,-1.3262036777619088,-0.6249895779016503,0,0,0,1,1,1,0,0,0,0,0,0,0,0,0,1,1,0,0,0,0
-1.339424284872981,0.3476567622910619,-1.002969987841673,0,0,1,0,1,0,0,0,1,0,0,0,0,0,1,0,0,0,0,1,0
-0.042695727412752855,-0.4686594129071849,-0.28205456046159255,1,0,1,0,1,0,0,0,0,1,0,0,1,0,0,0,1,0,0,0,1
-0.5289689364603384,1.2777624649411856,-0.11109045438444227,0,0,1,1,1,1,0,1,1,0,1,1,0,0,1,0,0,0,0,1,0
-0.2047867970952814,0.44990242463912494,-0.0011558857354086775,0,1,1,0,1,1,0,0,0,1,0,0,1,0,1,0,0,0,0,1,0
1.497169434571268,1.3008501951488125,2.1981995503060787,0,1,1,1,1,1,1,1,0,0,1,1,1,0,1,0,0,0,1,0,0
-1.339424284872981,0.3311655264284711,-1.0031842017322594,1,0,0,0,1,0,0,1,0,0,0,0,1,0,1,0,0,0,0,1,0
0.24096364453167204,-0.3251856609026447,-0.057387032014386226,0,1,1,0,1,0,0,0,0,0,0,1,0,0,0,0,1,0,0,1,0
-0.7721055409841312,1.01720093831225,-0.43913760642873256,0,1,1,0,1,1,1,0,1,0,1,0,1,0,1,0,0,0,0,1,0
-0.24530956451591351,-1.3179580598306133,-0.7208931367172627,1,1,1,0,1,1,0,0,0,0,0,0,0,0,0,1,0,0,0,0,1
-1.339424284872981,0.1481128083537128,-1.0055619759177703,1,0,0,0,1,0,0,0,0,0,0,0,1,0,1,0,0,0,0,0,1
0.5651457838967291,-0.8660981971956243,-0.18790755554879016,1,0,1,1,0,0,1,1,0,1,0,0,0,0,0,0,0,1,0,0,1
0.0383498074285114,-0.1685189202080317,-0.18621526581315623,1,0,0,0,1,0,1,1,1,0,0,0,0,0,0,0,0,0,0,1,0
1.5376922019919002,0.08214786490334942,1.0245644865603176,0,0,1,0,1,1,1,1,1,1,0,0,0,0,0,0,0,1,0,0,1
0.3220091793729363,-0.5313261091850303,-0.14536467687829527,1,0,0,0,1,0,0,1,0,0,0,0,1,0,0,0,0,0,0,1,0
-0.6910600061428669,0.6527446257489925,-0.4137104176161054,1,0,1,1,1,1,0,0,0,0,0,1,1,0,1,0,0,0,0,1,0
-1.339424284872981,0.15306017911248976,-1.0054977117505943,0,1,1,0,1,0,0,0,0,0,0,0,1,0,1,0,0,0,0,1,0
-1.339424284872981,0.45155154822538396,-1.0016204403309774,1,0,1,0,1,0,0,0,0,0,1,0,1,0,1,0,0,0,0,0,0
1.5376922019919002,-1.3591861494870905,-0.30339026396401614,1,0,1,1,1,1,0,0,0,0,0,0,0,0,0,1,0,1,0,0,0
-1.2583787500317167,0.3443585151185435,-0.9252531883368612,1,0,0,0,1,1,0,0,0,0,0,0,0,0,1,0,0,0,0,1,0
-0.5694917038809706,0.18604265083767146,-0.44044431116131066,0,1,0,0,1,0,0,0,0,0,0,0,0,0,1,0,0,0,1,0,0
-0.5289689364603384,1.0452360392786544,-0.1275635025705503,1,0,0,0,1,1,0,0,0,0,1,1,1,0,1,0,0,0,0,1,0
0.4030547142142006,-1.527396755285517,-0.672630747168106,0,1,1,0,1,0,0,0,0,0,0,0,1,0,0,1,0,1,1,0,0
0.48410024905546484,-0.18995752682939973,0.17111492507431983,0,1,1,0,0,0,0,1,1,1,1,1,1,0,0,0,1,0,0,0,0
1.0108962255236824,-0.508238378977403,0.24857466791042745,0,1,1,0,0,0,0,1,0,0,1,1,1,0,0,0,0,0,0,1,0
-0.8936738432460276,0.2767444480819211,-0.6617486815263076,1,0,0,0,1,1,0,0,0,1,1,1,0,0,0,0,1,0,0,0,1
-0.7721055409841312,-0.35157163828279,-0.7112535116408666,1,1,0,0,1,1,0,0,0,1,0,0,0,0,0,0,0,0,1,0,0
1.2945555974681073,1.490499407568607,2.174057644836971,0,1,1,0,1,1,0,1,1,1,1,1,1,0,1,0,1,0,0,1,0
-1.015242145507924,0.6477972549902151,-0.7008427165583587,1,0,0,0,1,0,0,0,1,0,0,1,1,0,1,0,0,0,1,0,0
0.524623016476097,-1.50430902507789,-0.6000336596483136,1,0,1,1,1,0,0,0,0,0,0,0,0,0,0,1,0,1,1,0,0
1.0919417603649468,1.1128501063152771,1.510808596802798,0,0,1,0,1,1,1,0,1,1,1,0,0,0,1,0,0,0,0,0,0
-1.1368104477698204,-0.35157163828279,-0.8897793680557232,1,0,0,0,1,0,0,0,0,0,0,1,1,0,0,0,0,0,0,1,0
-0.6100144713016027,-0.13553644848285,-0.5672589343885667,0,0,0,0,1,0,0,0,0,1,1,0,1,0,0,0,0,0,1,0,0
-1.055764912928556,0.707165704095542,-0.7298901201218991,1,1,0,0,1,0,0,1,0,0,1,0,1,0,1,0,0,0,0,1,0
1.5376922019919002,1.3156923074251443,2.1956932477862154,0,0,1,1,1,1,1,0,1,0,1,1,1,0,1,0,0,1,0,0,0
-0.32635509935717777,-0.8479578377467742,-0.5970132437910428,0,0,0,1,0,0,0,1,0,0,1,0,1,0,0,0,1,0,0,0,0
1.5376922019919002,0.9429903769305913,1.8990070093238007,1,0,1,0,1,1,1,1,1,1,0,0,1,0,1,0,0,1,0,0,0
-1.2178559826110846,-1.5175020137679627,-1.0066758881488205,0,0,0,0,1,0,0,0,0,0,0,0,1,0,0,1,0,0,0,0,1
1.497169434571268,-1.350940531555795,-0.2599262655639988,1,0,1,1,1,1,0,0,0,0,0,0,0,0,0,1,0,1,0,0,0
-0.2047867970952814,1.1013062412114634,0.22946678887010447,1,1,1,0,1,1,0,0,1,0,1,1,1,0,1,0,0,0,0,0,0
-0.6100144713016027,-0.19325577400191796,-0.5511286284273972,1,0,1,0,1,0,0,1,0,0,0,1,1,0,0,0,0,0,0,0,1
1.5376922019919002,1.4459730707396121,2.3296411935700045,1,0,1,1,1,0,1,1,1,1,1,1,1,0,1,0,0,1,1,0,0
1.5376922019919002,1.7329205747486929,2.626220325087126,0,0,0,0,1,1,1,1,1,1,1,1,1,0,1,0,0,1,0,1,0
-0.8531510758253954,1.2068501507320448,-0.45338283015274017,0,0,1,0,1,1,0,0,1,0,1,1,1,0,1,0,0,0,1,0,0
-1.1773332151904525,-0.38950148076674884,-0.92431064721828,1,0,0,0,1,0,1,0,0,1,0,0,0,0,0,0,0,0,1,0,0
-0.36687786677780987,1.1161483534877952,-0.02064934977878756,1,0,0,0,1,0,0,1,1,0,1,1,1,0,1,0,0,0,0,1,0
-1.339424284872981,-1.313010689071836,-1.0245413266237415,1,0,0,0,0,0,0,0,0,0,0,0,0,0,0,0,1,0,0,0,1
-0.08321849483338499,0.8374464674100098,0.19461418887166776,0,0,0,0,1,0,0,0,0,0,1,1,0,0,1,0,0,0,0,1,0
-1.096287680349188,0.2866391895994755,-0.8070071207330684,0,0,0,0,1,0,1,0,0,0,0,0,0,0,1,0,0,0,0,0,1
1.0919417603649468,1.129341342177868,1.6383515472580488,0,0,1,1,1,1,0,0,1,0,1,1,1,0,1,0,1,0,0,1,0
1.3756011323093718,0.5933761766436656,1.4207316558111407,1,0,1,1,1,1,0,1,0,1,0,0,1,0,1,0,1,0,0,0,0
0.3220091793729363,0.9759728486557729,0.6606793506208923,0,0,1,0,1,1,0,1,1,0,1,0,1,0,1,0,0,0,0,0,0
0.48410024905546484,0.6379025134726607,0.6649850498216826,0,1,0,0,1,0,1,0,0,0,0,1,0,0,1,0,0,0,0,1,0
1.0919417603649468,0.4993761322268975,1.0469069953484982,0,0,1,0,1,1,1,1,1,1,0,1,1,0,0,0,0,1,0,0,0
-1.1773332151904525,0.6626393672665469,-0.8338481212235669,1,0,1,1,1,0,0,0,0,1,1,0,1,0,1,0,0,0,0,1,0
0.4030547142142006,-1.50430902507789,-0.6734876027304523,0,0,0,0,1,0,0,0,0,0,0,0,0,0,0,1,0,1,0,0,1
-0.042695727412752855,1.1524290723854949,0.3654497666144662,0,1,1,0,1,1,0,1,0,0,1,1,1,0,1,0,0,0,0,0,0
0.8082823884205218,1.1013062412114634,1.2332088159916477,0,1,1,0,1,1,0,0,1,0,1,1,1,0,1,0,0,0,1,0,0
1.0514189929443147,-0.16027330227673628,0.5082019033013638,1,0,1,0,0,0,0,1,1,1,1,1,0,0,0,0,0,1,1,0,0
1.3350783648887394,1.6669556312983294,2.285684503221638,0,0,0,0,1,1,1,1,1,1,1,1,0,0,1,0,0,1,1,0,0
1.2135100626268431,1.5729555868815615,2.0588105717013905,1,0,1,1,1,1,1,1,1,1,1,1,0,0,1,0,1,0,0,1,0
0.48410024905546484,0.4729901548467522,0.579428021921402,0,0,1,1,1,1,0,1,0,0,0,0,1,0,1,0,0,0,0,0,0
-1.015242145507924,0.3954813462925755,-0.7296544848422538,1,0,0,0,1,0,0,0,0,0,1,0,1,0,1,0,0,0,0,0,0
-1.2989015174523488,0.15470930269874875,-0.9759576162387049,1,0,0,0,1,0,0,0,0,0,0,0,0,0,1,0,0,0,0,1,0
-1.1368104477698204,0.27014795373688466,-0.8636881161822777,1,0,0,0,1,1,0,0,0,0,0,0,1,0,1,0,0,0,0,0,1
0.8082823884205218,-1.3426949136244997,-0.4509193704109945,0,1,1,0,0,0,0,0,0,0,0,0,1,0,0,0,0,0,0,0,0
1.456646667150636,0.7945692541672736,1.692269183518691,1,0,0,0,1,1,1,1,1,1,1,1,0,0,0,0,0,1,1,0,0
0.524623016476097,-0.8364139726429609,-0.2666740031174761,0,0,1,1,0,0,1,0,1,1,0,0,0,0,0,0,1,0,0,1,0
1.3350783648887394,1.2645694762511128,1.98010838829988,1,0,0,1,1,1,0,1,0,1,1,1,1,0,1,0,0,1,0,1,0
0.1599181096904078,0.3064286726345848,0.193907283032732,1,1,1,0,1,1,0,0,0,0,0,0,1,0,1,0,0,0,0,0,0
0.28148641195230417,1.2183940158358582,0.7695000070388757,0,0,1,1,1,1,0,0,1,1,1,1,1,0,1,0,1,0,0,1,0
1.5376922019919002,-0.19490489758817695,0.7916283019364694,1,0,0,0,1,1,1,1,0,0,0,0,0,0,0,0,0,1,0,0,0
0.24096364453167204,-1.3328001721069451,-0.6042322519038106,0,0,1,1,1,1,0,0,0,0,0,0,0,0,0,1,0,1,1,0,0
0.6867140861586255,0.39053397553379804,0.5955583278825716,1,1,1,0,1,1,1,0,0,0,0,0,1,0,1,0,0,0,0,1,0
0.28148641195230417,-0.5148348733224394,-0.16631479537766283,1,0,0,0,1,0,0,0,0,1,0,0,0,0,0,0,1,0,0,0,0
-0.2858323319365456,-1.5092563958366674,-0.7999380623437112,1,0,1,1,1,0,0,0,0,0,0,0,0,0,0,1,0,1,0,0,1
1.0108962255236824,-0.7044840857422341,0.10689360067646277,0,0,1,0,0,0,0,0,0,0,1,1,1,0,0,0,0,0,0,1,0
-1.1368104477698204,-0.5445190978751029,-0.9089515112632223,0,0,1,1,1,0,1,0,0,0,0,0,1,0,0,0,0,0,0,1,0
0.4030547142142006,1.1507799487992358,0.8486734609996758,0,0,0,0,1,0,0,1,0,1,1,1,0,0,1,0,0,0,0,1,0
0.6461913187379933,0.15470930269874875,0.4444304280737386,0,1,0,0,1,1,1,1,0,0,1,0,1,0,0,0,0,0,0,0,0
1.2135100626268431,0.26025321221933023,1.0054137647418773,0,0,1,0,1,0,1,0,0,0,0,0,1,0,1,0,0,0,0,0,1
-1.1773332151904525,0.07555137055831299,-0.8855379330221089,1,0,1,0,1,1,0,0,1,1,1,0,0,0,0,0,0,0,0,0,0
-1.339424284872981,0.1167794602147901,-1.005968982309885,1,0,0,0,1,0,0,0,0,0,0,0,1,0,1,0,0,0,0,1,0
0.7272368535792576,1.23323612811219,1.2628131756707133,0,0,0,0,1,1,0,1,1,0,1,1,1,0,1,0,0,0,0,1,0
0.9703734581030503,0.914955275964187,1.2931458625777732,1,0,1,1,1,1,1,1,0,0,0,1,1,0,1,0,0,0,0,0,0
-1.015242145507924,0.2965339311170304,-0.7341958193226894,1,0,0,0,1,0,1,1,0,0,1,1,1,0,0,0,0,0,0,1,0
1.3756011323093718,-0.781992894296411,0.2349935072472383,0,1,1,0,0,0,1,1,1,0,0,0,1,0,0,0,0,1,0,1,0
1.172987295206211,1.0007097024496592,1.5819704512556605,1,0,1,0,1,0,0,1,0,0,1,1,1,0,1,0,1,0,0,1,0
1.3756011323093718,-1.3146598126580953,-0.21667648105456805,1,0,1,0,1,1,0,0,0,0,0,0,0,0,0,1,0,1,1,0,0
-1.339424284872981,0.1712005385613396,-1.0052620764709492,1,0,0,0,1,0,0,0,0,0,0,0,1,0,1,0,0,0,0,1,0
-0.4884461690397063,-0.34662426752401276,-0.5244804204384265,0,0,0,0,1,0,0,1,0,1,0,0,1,0,0,0,1,0,1,0,0
-1.339424284872981,0.13986719042241738,-1.0056690828630637,0,0,1,1,1,0,0,0,0,0,0,0,1,0,1,0,0,0,0,0,1
-0.7315827735634991,0.4317620651902751,-0.5136840403528627,0,1,0,0,1,0,0,0,0,0,0,1,1,0,1,0,0,0,0,1,0
-1.339424284872981,0.291586560358253,-1.0036983150696672,1,0,0,0,1,1,0,0,0,0,0,0,1,0,1,0,0,0,0,1,0
-0.36687786677780987,0.44000768312157057,-0.22074654497571308,0,0,0,0,1,0,1,1,0,1,1,1,1,0,0,0,0,0,0,0,1
-1.1368104477698204,-1.4993616543191126,-0.9826410896250062,1,0,0,0,1,0,0,0,0,0,0,0,0,0,0,1,0,0,0,0,1
0.524623016476097,-0.8578525792643289,-0.26502455615995935,1,0,0,0,0,0,1,1,0,1,0,0,0,0,0,0,1,0,1,0,0
0.1599181096904078,1.2530256111472993,0.67316802044209,1,0,0,0,1,1,0,0,1,1,1,1,1,0,1,0,0,0,0,1,0
0.0383498074285114,1.1013062412114634,0.48727320619105485,1,1,0,0,1,1,1,0,0,0,1,1,1,0,1,0,0,0,0,1,0
0.07887257484914353,0.16625316780256263,0.040572980150857176,1,0,0,0,1,1,0,1,0,1,0,1,1,0,0,0,1,0,0,0,1
0.4435774816348327,-0.508238378977403,-0.083842447501829,1,0,1,0,1,0,0,0,1,0,0,0,1,0,0,0,0,0,1,0,0
-0.6505372387222348,0.6576919965077695,-0.34948909321824834,0,0,1,1,1,0,0,0,0,1,0,1,1,0,1,0,0,0,0,1,0
1.0108962255236824,1.3354817904602536,1.64471369980847,1,0,1,1,1,1,0,1,1,0,1,1,1,0,1,0,1,0,0,1,0
1.5376922019919002,-1.3179580598306133,-0.2055802015221831,1,1,1,0,1,1,0,0,0,0,0,0,1,0,0,1,0,1,1,0,0
0.9298506906824182,1.1524290723854949,1.4261941100210984,0,1,1,0,1,1,0,0,1,0,1,1,0,0,1,0,0,0,0,1,0
1.5376922019919002,1.6323240359868887,2.541627259694486,1,0,1,0,1,1,1,1,1,1,1,1,0,0,1,0,0,1,0,1,0
1.497169434571268,0.7121130748543195,1.6757747139435242,1,0,1,1,1,0,1,1,1,1,1,1,0,0,0,0,0,1,1,0,0
1.3350783648887394,-1.4795721712840038,-0.4307190005286799,0,0,1,1,1,0,0,0,0,0,0,0,1,0,0,1,0,1,0,0,1
0.24096364453167204,0.44660417746660697,0.34985499537976306,1,1,0,0,1,0,1,1,0,0,0,0,1,0,1,0,0,0,1,0,0
0.8082823884205218,1.135937836522904,1.2954165298179907,1,0,0,0,1,1,0,0,0,1,1,1,1,0,1,0,0,0,0,1,0
-0.8936738432460276,-0.5214313676674757,-0.7990812067813649,1,0,0,0,0,0,1,0,1,1,0,1,0,0,0,0,0,1,0,0,1
-0.9341966106666597,-0.564308580910212,-0.8209738663993135,1,0,0,0,1,0,1,0,0,0,0,0,0,0,0,0,0,0,1,0,0
-1.2989015174523488,-0.295501436349981,-0.986968210214855,0,0,1,1,1,1,1,0,0,0,0,0,0,0,0,0,0,0,0,0,1
-1.1773332151904525,0.8143587372023825,-0.8494643138473287,0,0,1,1,1,0,1,0,1,0,0,1,1,0,1,0,0,0,0,0,1
-1.339424284872981,-0.5049401318048847,-1.014044845984999,0,0,1,0,0,0,0,0,1,0,1,1,1,0,0,0,0,0,0,1,0
0.4435774816348327,0.6609902436802879,0.5830268152832566,1,1,0,0,1,0,1,1,0,1,0,0,1,0,1,0,0,0,0,0,0
0.848805155841154,1.0930606232801678,1.3711839829184647,0,1,0,0,1,1,1,0,0,0,1,1,1,0,1,0,0,0,0,1,0
-1.1368104477698204,0.46309541332919785,-0.8224305208553022,0,1,0,0,1,0,0,0,0,0,1,0,1,0,1,0,0,0,0,1,0
-0.9341966106666597,1.1573764431442723,-0.5515998989866876,1,0,0,0,1,1,0,0,1,0,1,1,1,0,1,0,0,0,0,1,0
-0.8531510758253954,-1.5076072722504081,-0.925510245005565,0,0,0,0,1,0,0,0,0,0,0,0,1,0,0,1,1,0,0,0,1
-1.339424284872981,-0.6533612545682024,-1.0159727710002782,0,1,0,0,1,0,0,0,0,0,0,0,1,0,0,0,0,0,0,0,1
-0.16426402967464926,0.5900779294711471,0.06552889840419387,0,0,1,1,1,1,0,1,0,1,0,0,1,0,1,0,0,0,0,0,0
-1.2178559826110846,0.76488502961461,-0.8760482576691234,1,1,0,0,1,1,0,0,1,0,0,1,1,0,1,0,0,0,0,1,0
0.8082823884205218,-0.6484138838094251,0.002914178185736364,0,0,1,1,0,0,0,0,1,1,0,1,0,0,0,0,0,1,1,0,0
-1.339424284872981,0.12172683097356707,-1.005904718142709,0,0,0,0,1,0,0,0,0,0,0,0,1,0,1,0,0,0,0,1,0
-1.339424284872981,-1.1596421955497414,-1.0225491374412863,1,0,1,1,0,0,1,0,0,0,0,0,0,0,0,0,0,0,0,0,0
1.3756011323093718,1.1672711846618267,1.8650541076658276,0,0,1,1,1,1,0,1,0,0,1,1,1,0,1,0,1,0,1,0,0
0.6056685513173612,-1.5092563958366674,-0.597505935739392,0,0,0,0,1,0,0,0,0,0,0,0,1,0,0,1,0,1,1,0,0
0.5651457838967291,1.3767098801167308,1.1584910109550484,1,0,0,0,1,1,0,1,1,0,1,1,1,0,1,0,0,0,0,0,0
-0.8936738432460276,-0.6797472319483479,-0.8115056124353865,1,0,0,0,1,0,0,0,0,0,0,0,1,0,0,0,0,0,0,1,0
-1.339424284872981,-1.3674317674183858,-1.0252482324626773,0,0,0,1,0,0,0,0,0,0,0,0,0,0,0,0,0,0,0,0,1
-1.055764912928556,-0.0069048087546412324,-0.7980744014956079,1,0,0,0,1,0,0,1,0,1,1,0,1,0,0,0,0,0,0,1,0
0.9298506906824182,0.7879727598222372,1.1118138041962324,0,0,0,1,1,1,1,1,1,1,1,1,0,0,0,0,0,1,0,0,1
1.2135100626268431,1.3107449366663673,1.8754434813592769,1,0,1,0,1,1,0,1,0,1,1,1,1,0,1,0,0,1,0,0,0
-1.2583787500317167,0.30972691980710276,-0.9258315658414449,1,1,0,0,1,1,0,0,0,0,0,0,1,0,1,0,0,0,1,0,0
1.132464527785579,0.6362533898864017,1.1710225235543632,1,0,1,0,1,1,1,1,0,1,1,1,1,0,0,0,0,1,0,1,0
0.6867140861586255,-1.484519542042781,-0.5982985271345623,1,0,0,0,1,0,0,0,0,0,0,0,0,0,0,1,0,1,0,0,0
-1.339424284872981,0.16460404421630365,-1.0053477620271838,0,0,1,1,1,0,0,0,0,0,0,0,1,0,1,0,0,0,0,0,1
-1.2989015174523488,-1.50430902507789,-1.018800394356021,1,0,0,0,1,0,0,0,0,0,0,0,1,0,0,1,0,0,0,0,1
0.848805155841154,-0.18665927965688153,0.3850931803812557,0,1,1,0,1,1,1,1,0,0,0,0,0,0,0,0,1,0,1,0,0
-0.9341966106666597,-1.1893264201024047,-0.8871873799796257,1,0,1,1,0,0,1,0,0,0,0,0,1,0,0,0,0,0,0,1,0
