,meses_antiguedad,FacturaMes,FacturaTotal,missing_count,Genero,Mayor65,Conyuge,PersCargo,Telf_serv,VariasLineas,Seguridad,CopiaSeguridad,Antivirus_disp,Soporte_tecnico,TV_streaming,Peliculas,Fact_sinPapel,Int_serv_Fiber optic,Int_serv_No,Contrato_One year,Contrato_Two year,MetodoPago_Credit card (automatic),MetodoPago_Electronic check,MetodoPago_Mailed check,Fuga
0,-0.5289689364603384,0.8044639956848281,-0.2374980712195837,0,1,0,0,0,1,0,0,1,1,0,0,1,1,1,0,0,0,0,1,0,1.0
1,-1.339424284872981,-0.8578525792643289,-1.0186290232435518,0,0,1,0,0,0,0,0,0,1,0,0,1,1,0,0,0,0,0,1,0,0.0
2,-0.8936738432460276,-1.5125546430091854,-0.9489666660247956,0,0,0,1,0,1,0,0,0,0,0,0,0,0,0,1,1,0,0,0,0,0.0
3,1.5376922019919002,1.129341342177868,2.0712135559663527,0,1,0,1,1,1,1,1,1,0,1,1,0,0,1,0,0,1,0,0,0,0.0
4,-0.6910600061428669,-1.4812212948702628,-0.8564262652913927,0,1,0,1,1,1,0,0,0,0,0,0,0,0,0,1,1,0,0,0,1,0.0
5,-1.015242145507924,0.9479377476893688,-0.6683464693563743,0,1,0,0,0,1,1,0,0,0,0,1,1,0,1,0,0,0,0,1,0,1.0
6,-1.055764912928556,-0.3631155033866036,-0.8290068872963102,0,1,0,1,1,1,0,1,1,0,0,0,0,0,0,0,0,0,0,0,1,0.0
7,1.294555597468107,0.604920041747479,1.4125272638016748,0,0,0,1,1,1,1,1,0,1,1,1,1,1,0,0,0,1,0,0,1,0.0
8,1.497169434571268,0.0392706516606128,0.9988588196899278,0,0,0,1,1,1,1,1,1,0,1,0,0,1,0,0,1,0,1,0,0,0.0
9,-0.3668778667778098,1.0831658817626135,0.0416654709928488,0,1,1,1,0,1,0,0,1,1,0,1,1,1,1,0,0,0,0,1,0,1.0
10,0.1193953422697756,0.3575515038086163,0.1931789558047376,0,1,1,1,0,1,1,0,0,0,0,0,0,1,1,0,0,0,0,1,0,0.0
11,-1.339424284872981,-1.5142037665954444,-1.0271547360888975,0,0,0,0,0,1,0,0,0,0,0,0,0,0,0,1,0,0,0,0,1,0.0
12,-0.8531510758253954,0.6692358616115833,-0.5147979525839129,0,1,0,0,0,1,1,0,0,0,0,0,1,1,1,0,0,0,0,1,0,1.0
13,1.3350783648887394,-0.4983436374598485,0.3611012246355585,0,0,0,0,0,1,0,0,0,0,1,0,0,0,0,0,0,1,0,0,0,0.0
14,-0.7721055409841312,0.1266742017323445,-0.5765986600181416,0,0,0,1,1,1,0,0,1,1,1,0,1,1,0,0,0,0,0,0,1,0.0
15,-1.055764912928556,0.0953408535934218,-0.7938329664619936,0,1,0,1,1,1,0,0,0,0,1,1,1,1,0,0,0,0,0,1,0,0.0
16,-0.8531510758253954,-0.3185891665576082,-0.7080617246711265,0,1,0,0,1,1,0,1,1,0,0,0,0,1,0,0,0,0,0,1,0,0.0
17,0.7677596209998897,0.2717970773231441,0.6602080800616018,0,0,0,0,0,1,1,0,1,1,1,0,1,1,0,0,0,1,0,0,0,0.0
18,-1.2178559826110846,0.172849662147599,-0.9186554005067944,0,1,0,0,0,1,0,0,0,0,0,0,0,1,1,0,0,0,0,0,0,0.0
19,1.5376922019919002,-0.3367295260064581,0.754869198311812,0,0,0,1,1,0,0,1,1,1,1,0,1,1,0,0,0,1,1,0,0,0.0
20,0.9298506906824182,-0.2278873693133586,0.4370828916266188,0,1,0,1,0,0,0,1,1,1,0,1,1,1,0,0,0,0,0,0,0,0.0
21,-0.8936738432460276,-1.527396755285517,-0.9416405509667346,0,1,0,0,0,1,0,0,0,0,0,0,0,1,0,1,1,0,0,0,0,0.0
22,1.5376922019919002,1.4360783292220576,2.3396664036494563,0,0,0,0,0,1,1,0,1,1,1,1,1,0,1,0,0,1,0,0,0,0.0
23,-0.9747193780872918,-1.5109055194229262,-0.9529082016115886,0,0,0,0,0,1,0,0,0,0,0,0,0,1,0,1,0,0,0,0,1,0.0
24,-0.1237412622540171,-0.5214313676674757,-0.3843631146057438,0,1,0,0,0,0,0,1,1,0,1,0,1,1,0,0,0,1,0,0,0,0.0
25,-1.339424284872981,0.1629549206300442,-1.0053691834162426,0,0,0,0,0,1,0,0,0,0,0,0,0,0,1,0,0,0,0,0,1,0.0
26,-1.1368104477698204,-0.3466242675240127,-0.8972768542262536,0,1,0,0,0,1,0,1,1,0,0,0,0,0,0,0,0,0,0,0,1,0.0
27,-1.339424284872981,-1.327852801348168,-1.0247341191252697,0,1,0,0,1,1,1,0,0,0,0,0,0,0,0,1,0,0,0,0,1,0.0
28,-1.339424284872981,-1.4977125307328536,-1.0269405221983112,0,0,0,0,0,1,0,0,0,0,0,0,0,0,0,1,0,0,0,0,1,0.0
29,-1.2178559826110846,0.816007860788642,-0.8828174166116594,0,0,0,0,0,1,0,0,0,1,1,0,1,1,1,0,0,0,0,1,0,1.0
30,0.5651457838967291,0.4317620651902751,0.5420476980140436,0,0,0,0,1,1,1,1,0,1,0,1,1,1,0,0,1,0,1,0,0,0.0
31,0.4841002490554648,0.9644289835519596,0.8592984699727703,0,0,0,0,0,1,1,0,1,1,0,1,0,1,1,0,1,0,1,0,0,0.0
32,1.3756011323093718,0.334463773600989,1.2324590673745943,0,0,0,1,1,1,1,0,1,1,1,0,1,1,0,0,1,0,0,0,0,0.0
33,1.172987295206211,1.244779993216004,1.793292454319323,0,0,0,1,0,1,1,0,1,1,0,1,1,1,1,0,0,0,0,1,0,0.0
34,1.497169434571268,0.6626393672665469,1.6308326396984598,0,1,0,1,0,1,1,1,1,1,1,1,1,0,0,0,0,1,1,0,0,0.0
35,-0.7315827735634991,-0.3812558628354534,-0.6547438873041265,0,1,1,0,0,1,1,1,0,0,0,0,0,1,0,0,0,0,0,1,0,0.0
36,-1.339424284872981,-1.5339932496305535,-1.0274117927576016,0,1,0,0,0,1,0,0,0,0,0,0,0,0,0,1,0,0,0,0,1,0.0
37,0.8893279232617861,1.1243939714190905,1.3671781831644954,0,1,0,1,1,1,1,0,1,1,1,0,1,1,1,0,1,0,1,0,0,0.0
38,0.1193953422697756,1.0040079496221772,0.5267742476152205,0,0,0,0,0,1,0,0,1,0,0,1,1,1,1,0,0,0,1,0,0,0.0
39,0.2814864119523041,0.6774814795428789,0.3949255979591798,0,1,0,1,0,1,0,0,1,1,1,0,0,1,1,0,1,0,0,0,0,0.0
40,-1.339424284872981,-0.7143788272597885,-1.016765362395449,0,0,0,0,1,1,0,0,0,0,0,0,0,0,0,0,0,0,0,1,0,0.0
41,-0.6100144713016027,-1.5092563958366674,-0.8781475537968718,0,1,0,0,0,1,0,0,0,0,0,0,0,0,0,1,0,0,0,0,1,0.0
42,-0.4479234016190741,-1.50430902507789,-0.8577758128020881,0,1,0,1,1,1,0,0,0,0,0,0,0,0,0,1,1,0,0,0,1,0.0
43,1.456646667150636,1.0897623761076498,1.902927123521535,0,0,0,1,0,1,1,0,1,1,1,0,1,1,1,0,0,1,0,0,0,0.0
44,-0.4884461690397063,0.1349198196636399,-0.3735238917420627,0,1,1,0,0,1,0,1,0,1,1,0,1,1,0,0,0,0,0,0,1,0.0
45,1.0514189929443147,-0.1800627853118451,0.4991834985076688,0,0,0,1,0,0,0,0,1,1,1,1,1,1,0,0,0,0,0,0,0,0.0
46,-1.055764912928556,0.5900779294711471,-0.7442638721802587,0,1,0,1,1,1,0,0,1,0,0,1,0,1,1,0,0,0,0,1,0,1.0
47,1.5376922019919002,0.7566394116833146,1.621471492679826,0,0,0,0,0,1,1,0,1,1,1,1,1,1,0,0,0,1,0,0,0,0.0
48,1.172987295206211,1.290955453631258,1.7908289945775773,0,0,0,1,1,1,1,0,1,1,0,1,1,1,1,0,0,1,0,0,0,0.0
49,-0.4884461690397063,-0.7226244451910839,-0.6484888416989983,0,0,0,0,0,0,0,0,1,1,0,0,1,1,0,0,1,0,0,0,0,0.0
50,1.456646667150636,-1.5125546430091854,-0.4368240964103974,0,1,0,1,0,1,0,0,0,0,0,0,0,0,0,1,0,1,0,0,0,0.0
51,1.456646667150636,-0.0151504266859366,0.9107954892697844,0,1,0,1,1,1,1,1,0,0,0,0,1,0,0,0,1,0,0,0,0,0.0
52,-1.2989015174523488,0.4713410312604932,-0.9608769583414096,0,0,0,0,0,1,0,0,0,0,0,1,0,1,1,0,0,0,0,1,0,1.0
53,1.0514189929443147,0.4927796378818611,1.083687520362214,0,1,0,1,1,1,0,0,1,1,1,1,1,1,0,0,0,1,0,0,0,0.0
54,-0.9747193780872918,0.6725341087841014,-0.6782645724905331,0,0,0,0,0,1,1,0,0,0,0,1,0,1,1,0,0,0,0,0,0,1.0
55,-0.4479234016190741,-1.3212563070031316,-0.8150829844081825,0,1,0,1,1,1,1,0,0,0,0,0,0,1,0,1,0,1,1,0,0,0.0
56,1.0514189929443147,-1.5306950024580352,-0.5629532351877764,0,1,0,1,1,1,0,0,0,0,0,0,0,1,0,1,0,1,1,0,0,0.0
57,-0.8936738432460276,-1.5389406203893308,-0.9355568764740756,0,1,0,1,1,1,0,0,0,0,0,0,0,0,0,1,0,0,0,0,1,0.0
58,1.497169434571268,0.816007860788642,1.8211616814846368,0,0,0,1,1,1,1,1,1,1,1,1,1,0,0,0,0,1,0,1,0,0.0
59,0.3625319467935684,1.487201160396089,0.9728104105945996,0,0,1,1,1,1,1,0,1,1,1,1,1,1,1,0,0,0,0,0,0,0.0
60,1.3756011323093718,0.172849662147599,1.068542598297743,0,1,0,1,0,1,1,1,1,1,1,0,0,0,0,0,0,1,1,0,0,0.0
61,0.6056685513173612,0.7978675013397917,0.8011393986785135,0,1,1,0,0,1,0,0,1,1,0,0,1,1,1,0,1,0,0,0,0,0.0
62,-0.7721055409841312,-1.3328001721069451,-0.8664514753708447,0,1,0,1,1,1,1,0,0,0,0,0,0,1,0,1,0,0,0,1,0,0.0
63,-1.2989015174523488,0.7863236362359782,-0.966425098107602,0,1,1,0,0,1,1,0,1,0,0,0,1,0,1,0,0,0,0,1,0,1.0
64,0.6056685513173612,-1.1695369370672957,-0.4130677759443457,0,0,0,0,0,0,0,0,0,1,0,0,0,1,0,0,0,0,0,0,0,0.0
65,0.5651457838967291,-1.3558879023145725,-0.519810557623639,0,1,0,0,0,1,1,0,0,0,0,0,0,0,0,1,1,0,0,0,0,0.0
66,-0.2858323319365456,1.2860080828724811,0.2342437586301852,0,0,1,0,0,1,1,0,1,0,1,1,1,1,1,0,1,0,0,0,0,1.0
67,-0.0426957274127528,0.9512359948618868,0.2948877110552464,0,0,1,1,0,1,1,0,0,0,0,1,1,1,1,0,0,0,0,1,0,0.0
68,1.456646667150636,1.1656220610755677,2.0000088587353737,0,0,0,1,0,1,0,1,1,1,1,0,1,0,1,0,0,1,1,0,0,0.0
69,-1.1773332151904523,-0.7127297036735295,-0.9490095088029128,0,1,0,0,0,1,0,0,0,0,0,0,0,1,0,0,0,0,1,0,0,0.0
70,1.5376922019919002,1.488850283982348,2.3413586933850907,0,1,1,1,0,1,1,0,1,1,1,1,1,1,1,0,0,1,1,0,0,0.0
71,-0.5694917038809706,1.0848150053488723,-0.2461094696211643,0,0,1,0,0,1,1,0,0,1,0,1,1,1,1,0,0,0,0,1,0,1.0
72,1.497169434571268,0.2536567178742938,1.1727148132899972,0,0,0,1,1,1,0,0,1,0,1,1,1,1,0,0,0,1,1,0,0,0.0
73,0.848805155841154,1.2546747347335585,1.387892666384218,0,1,0,1,1,1,0,0,1,1,1,1,1,1,1,0,1,0,0,0,0,0.0
74,-1.2178559826110846,0.4350603123627931,-0.9101725304395656,0,1,1,0,0,1,0,0,0,0,0,1,0,1,1,0,0,0,0,1,0,1.0
75,0.4030547142142006,-1.4927651599740763,-0.6476534075257107,0,0,0,0,0,1,0,0,0,0,0,0,0,0,0,1,0,1,1,0,0,0.0
76,-0.3263550993571777,-1.5125546430091854,-0.8396961604365807,0,0,0,0,0,1,0,0,0,0,0,0,0,0,0,1,1,0,1,0,0,0.0
77,-1.2583787500317167,-1.0178175671314602,-0.986796839102386,0,1,0,0,0,0,0,0,0,0,0,1,0,1,0,0,0,0,1,0,0,0.0
78,-1.096287680349188,0.6164639068512924,-0.7744251879748493,0,1,1,0,0,1,0,0,0,1,0,1,0,1,1,0,0,0,0,1,0,1.0
79,-0.1642640296746492,0.9446395005168504,0.1124417404426551,0,0,0,0,0,1,1,1,1,0,0,0,1,1,1,0,0,0,1,0,0,0.0
80,0.7677596209998897,1.3156923074251443,1.3988175748041336,0,1,0,0,0,1,1,0,1,1,0,1,1,0,1,0,0,1,0,1,0,0.0
81,-0.6910600061428669,0.9297973882405184,-0.3391425623029164,0,0,0,0,0,1,0,1,0,0,0,1,1,0,1,0,0,0,0,1,0,1.0
82,1.5376922019919002,-1.334449295693204,-0.2649174492146661,0,0,0,1,1,1,1,0,0,0,0,0,0,1,0,1,0,1,0,0,0,0.0
83,-0.8936738432460276,-1.057396533201678,-0.8490573074552142,0,1,0,0,0,0,0,1,0,0,1,0,0,1,0,0,1,0,0,0,1,0.0
84,-1.2583787500317167,0.2882883131857349,-0.9431614695898992,0,1,0,0,0,1,1,0,0,0,0,0,0,0,1,0,0,0,0,0,0,0.0
85,-1.2178559826110846,-0.293852312763722,-0.930587114212467,0,0,0,0,0,1,0,1,0,1,0,0,0,0,0,0,0,0,0,1,0,0.0
86,1.497169434571268,1.3981484867380984,2.1913661271963667,0,0,0,0,0,1,1,1,0,1,1,1,1,1,1,0,0,1,0,1,0,0.0
87,-0.0021729599921207,0.1431654375949353,-0.0004918226745903,0,1,0,0,0,1,0,0,0,0,0,0,0,1,1,0,0,0,1,0,0,0.0
88,1.5376922019919002,-1.4828704184565218,-0.3963590924785923,0,0,0,1,0,1,0,0,0,0,0,0,0,0,0,1,0,1,0,0,0,0.0
89,-1.1773332151904523,0.6280077719551063,-0.8674582806566016,0,1,1,0,0,1,0,0,1,0,0,1,0,1,1,0,0,0,0,1,0,1.0
90,0.4435774816348327,0.6741832323703604,0.6187362708440397,0,1,1,1,0,1,0,0,0,1,0,0,1,1,1,0,0,0,0,1,0,0.0
91,1.294555597468107,-1.3377475428657224,-0.3082743406693901,0,0,0,0,0,1,1,0,0,0,0,0,0,0,0,1,0,1,0,0,1,0.0
92,-0.8126283084047633,0.817656984374901,-0.493183771023727,0,0,1,0,0,1,0,0,0,0,0,1,1,0,1,0,0,0,1,0,0,1.0
93,-1.2583787500317167,-0.508238378977403,-0.970366633694395,0,0,0,0,0,1,0,0,0,0,1,0,0,1,0,0,0,0,0,0,1,0.0
94,-1.339424284872981,-1.517502013767963,-1.0271975788670151,0,1,0,0,0,1,0,0,0,0,0,0,0,0,0,1,0,0,0,0,1,0.0
95,-1.1773332151904523,-0.8627999500231062,-0.9453250298848238,0,1,0,0,0,0,0,0,0,1,0,0,1,0,0,0,0,0,0,1,0,0.0
96,-0.9747193780872918,0.6280077719551063,-0.679142849441938,0,1,0,0,0,1,0,1,0,0,0,1,0,1,1,0,0,0,0,0,1,1.0
97,0.6056685513173612,1.1013062412114634,1.0438651581021687,0,0,0,1,0,1,1,0,1,0,0,1,1,1,1,0,0,0,0,0,0,0.0
98,-1.339424284872981,-1.4696774297664492,-1.026576358584314,0,0,0,0,0,1,0,0,0,0,0,0,0,0,0,1,0,0,0,0,1,0.0
99,1.0108962255236824,0.4466041774666069,0.9310172805411578,0,1,1,0,0,1,1,0,1,0,0,0,0,1,1,0,0,1,1,0,0,0.0
100,-0.7315827735634991,0.2998321782895484,-0.5517712700991569,0,1,0,0,0,1,1,0,0,0,0,0,0,1,1,0,0,0,1,0,0,0.0
101,-0.3668778667778098,0.816007860788642,-0.1022434207032164,0,0,0,1,1,1,0,0,0,0,0,1,1,1,1,0,1,0,0,1,0,0.0
102,0.1193953422697756,0.4383585595353115,0.1809687640413025,0,1,0,1,0,1,1,0,0,1,0,0,0,1,1,0,0,0,1,0,0,0.0
103,0.1599181096904078,-1.3657826438321268,-0.6438618216623281,0,1,0,0,0,1,1,0,0,0,0,0,0,1,0,1,1,0,0,1,0,0.0
104,-0.4479234016190741,0.019481168625504,-0.3784936540036714,0,1,0,1,1,1,0,1,1,1,1,0,0,1,0,0,1,0,0,0,1,0.0
105,-1.1368104477698204,-1.4993616543191126,-0.9934803124886872,0,0,0,0,1,1,0,0,0,0,0,0,0,1,0,1,0,0,0,0,1,0.0
106,0.4435774816348327,-1.3525896551420542,-0.5477226275670706,0,1,0,1,1,1,1,0,0,0,0,0,0,1,0,1,0,1,0,0,0,0.0
107,1.456646667150636,0.3443585151185435,1.2197347622737518,0,0,0,1,0,1,1,0,1,1,1,1,0,0,0,0,0,1,1,0,0,0.0
108,-1.2583787500317167,0.4861831435368251,-0.9396269403952208,0,1,1,1,0,1,0,0,0,0,0,1,0,1,1,0,0,0,0,1,0,1.0
109,-0.3668778667778098,-1.5092563958366674,-0.8167752741438165,0,0,0,0,0,1,0,0,0,0,0,0,0,0,0,1,1,0,1,0,0,0.0
110,0.4841002490554648,0.4466041774666069,0.5040675752130429,0,1,0,0,0,1,1,1,0,1,0,1,1,0,0,0,0,1,0,0,1,0.0
111,0.9703734581030504,-0.1520276843454408,0.4547769589890705,0,1,0,1,0,1,1,1,0,0,1,0,0,1,0,0,1,0,0,0,0,0.0
112,0.1599181096904078,1.292604577217517,0.6297897075983073,0,0,0,0,0,1,1,1,1,0,0,1,1,1,1,0,1,0,0,1,0,0.0
113,0.524623016476097,0.2899374367719939,0.4682938554850839,0,1,0,0,0,1,0,0,0,1,1,1,1,0,0,0,0,1,0,0,1,0.0
114,-0.8126283084047633,-0.5016418846323666,-0.7076761396680706,0,1,0,0,0,1,0,0,1,0,0,0,0,0,0,0,0,0,0,1,0,0.0
115,-0.6910600061428669,0.1101829658697536,-0.5430741861413417,0,0,0,1,1,1,0,0,0,0,0,0,0,1,1,0,0,0,0,1,0,0.0
116,-0.407400634198442,0.820955231547419,-0.0577083528502661,0,0,0,0,0,1,1,0,1,0,0,1,0,1,1,0,0,0,1,0,0,0.0
117,1.2135100626268431,0.118428583801049,0.8699234789458647,0,0,0,1,1,1,0,1,0,1,1,1,0,0,0,0,0,1,0,0,1,0.0
118,1.456646667150636,-1.350940531555795,-0.3133297884872334,0,1,0,1,1,1,1,0,0,0,0,0,0,0,0,1,0,1,0,0,0,0.0
119,-1.339424284872981,-0.6797472319483479,-1.0163155132252166,0,0,0,0,0,1,0,0,0,0,0,0,0,0,0,0,0,0,0,0,1,0.0
120,0.524623016476097,-1.501010777905372,-0.5873950401037054,0,1,0,0,0,1,0,0,0,0,0,0,0,0,0,1,0,1,0,0,1,0.0
121,0.4841002490554648,0.9759728486557728,0.8598340046992368,0,1,1,0,0,1,0,0,1,0,0,1,1,0,1,0,1,0,1,0,0,0.0
122,1.0108962255236824,1.4674116773609802,1.7269075696265417,0,0,0,1,0,1,1,1,1,1,0,1,1,1,1,0,1,0,0,1,0,0.0
123,1.132464527785579,1.1705694318343451,1.8084373763837944,0,1,0,1,1,1,1,1,0,0,0,1,1,1,1,0,0,1,0,0,0,0.0
124,-1.339424284872981,0.2783935716681801,-1.0038696861821363,0,1,0,0,0,1,0,0,0,1,1,1,1,0,0,0,1,0,1,0,0,0.0
125,0.4435774816348327,0.5059726265719339,0.4782762227864184,0,1,0,1,1,1,0,1,0,1,1,1,1,1,0,0,0,1,0,0,1,0.0
126,-0.2453095645159135,-0.2015013919332133,-0.3302312644545147,0,1,0,0,0,1,0,0,0,1,0,1,0,1,0,0,0,0,0,0,0,0.0
127,-1.2583787500317167,-1.3542387787283132,-0.9986214458627652,0,1,0,0,0,1,1,0,0,0,0,0,0,0,0,1,0,0,0,0,1,0.0
128,1.497169434571268,-1.3525896551420542,-0.3029404147937842,0,1,0,1,0,1,1,0,0,0,0,0,0,1,0,1,0,1,0,0,0,0.0
129,-1.055764912928556,-1.5059581486641491,-0.974950810952948,0,1,0,0,0,1,0,0,0,0,0,0,0,0,0,1,0,1,0,0,1,0.0
130,-0.8126283084047633,0.7121130748543195,-0.4963969793825257,0,1,0,1,1,1,1,0,0,1,0,0,1,1,1,0,0,0,0,1,0,1.0
131,-0.9341966106666596,-1.491116036387817,-0.9281664972488386,0,0,0,1,1,1,0,0,0,0,0,0,0,1,0,1,0,0,0,1,0,0.0
132,-1.015242145507924,0.3146742905658802,-0.7640572356704588,0,1,0,0,0,1,1,0,0,0,0,0,0,1,1,0,0,0,1,0,0,0.0
133,-1.339424284872981,0.4466041774666069,-1.0016847044981534,0,1,1,0,0,1,0,0,0,0,0,1,0,1,1,0,0,0,0,1,0,1.0
134,0.2004408771110399,-1.5109055194229262,-0.6693961174202486,0,1,0,1,1,1,0,0,0,0,0,0,0,1,0,1,0,1,0,0,0,0.0
135,1.2135100626268431,0.6890253446466922,1.3775247140798277,0,0,0,0,0,1,1,0,1,1,1,1,1,0,0,0,0,1,1,0,0,0.0
136,-1.2178559826110846,1.1260430950053495,-0.8458869418745328,0,1,1,0,0,1,0,0,1,1,0,1,1,1,1,0,0,0,1,0,0,1.0
137,1.3350783648887394,0.7879727598222372,1.694796907427613,0,0,0,1,1,1,1,0,1,0,0,0,1,1,1,0,0,0,0,0,0,0.0
138,0.4435774816348327,-1.3591861494870905,-0.5693796519053739,0,0,0,1,1,1,1,0,0,0,0,0,0,0,0,1,0,1,0,0,1,0.0
139,0.0383498074285114,-1.4812212948702628,-0.7186224694770449,0,0,0,0,0,1,0,0,0,0,0,0,0,0,0,1,0,0,0,0,0,0.0
140,1.2540328300474752,1.442674823567094,2.060824182272904,0,1,1,1,0,1,1,1,1,1,0,1,1,1,1,0,0,0,1,0,0,0.0
141,1.0514189929443147,1.1210957242465729,1.509694684571748,0,1,0,0,0,1,0,0,1,1,0,1,1,1,1,0,0,1,0,1,0,0.0
142,-1.1773332151904523,0.6477972549902151,-0.8538985413824709,0,0,0,0,0,1,1,0,1,1,0,0,0,1,1,0,0,0,0,1,0,1.0
143,-1.055764912928556,-1.5323441260442945,-0.9684172872900572,0,1,0,0,0,1,0,0,0,0,0,0,0,0,0,1,0,0,0,0,1,0.0
144,-0.407400634198442,1.0914114996939088,-0.0042619871489141,0,1,0,0,0,1,1,0,0,1,0,1,1,1,1,0,0,0,0,1,0,1.0
145,1.2135100626268431,0.9429903769305912,1.5698245236594013,0,0,1,1,0,1,1,0,1,1,0,0,1,1,1,0,0,0,0,1,0,0.0
146,-0.6910600061428669,0.8885692985840413,-0.3588288188478232,0,1,0,1,0,1,1,0,0,0,0,1,1,0,1,0,0,0,0,1,0,1.0
147,1.5376922019919002,-1.4729756769389677,-0.3956521866396565,0,0,0,1,1,1,0,0,0,0,0,0,0,0,0,1,0,1,0,0,0,0.0
148,1.416123899730004,-1.5125546430091854,-0.4199868846102921,0,1,0,1,1,1,0,0,0,0,0,0,0,0,0,1,0,1,1,0,0,0.0
149,-0.8936738432460276,0.0524636403506857,-0.6790357424966448,0,0,0,0,0,1,1,1,1,0,1,0,0,1,0,0,0,0,0,1,0,0.0
150,-1.2989015174523488,-1.4944142835603351,-1.0162084062799237,0,1,0,0,0,1,0,0,0,0,0,0,0,0,0,1,0,0,0,0,1,0.0
151,-1.339424284872981,0.3064286726345848,-1.0035055225681393,0,0,0,0,0,1,1,0,0,0,0,0,0,1,1,0,0,0,0,1,0,1.0
152,-0.9747193780872918,0.979271095828291,-0.6507380875501574,0,0,1,0,0,1,1,0,0,0,0,1,1,1,1,0,0,0,0,1,0,1.0
153,1.2540328300474752,-0.4010453458705625,0.4715499066219998,0,1,1,0,0,0,0,0,1,1,0,1,1,1,0,0,0,1,0,0,0,0.0
154,1.2540328300474752,-1.520800260940481,-0.5135126692403935,0,0,0,0,0,1,0,0,0,0,0,0,0,1,0,1,0,1,1,0,0,0.0
155,-0.9341966106666596,0.3377620207735075,-0.6644263551586399,0,0,0,0,0,1,0,0,1,0,0,0,0,1,1,0,0,0,0,0,1,0.0
156,-1.2583787500317167,0.1415163140086763,-0.9411692804074442,0,1,0,0,0,1,0,0,0,1,0,1,1,1,0,0,1,0,0,1,0,1.0
157,-1.096287680349188,-1.484519542042781,-0.9781854407008052,0,1,0,1,1,1,0,0,0,0,0,0,0,0,0,1,1,0,0,0,1,0.0
158,1.0108962255236824,-0.0052556851683822,0.5929663398064741,0,1,0,1,1,1,1,1,1,0,1,0,0,0,0,0,1,0,0,0,1,0.0
159,0.4435774816348327,1.6488152718494795,1.1602904076359757,0,1,0,0,0,1,1,1,1,1,1,1,1,1,1,0,0,0,0,1,0,0.0
160,-1.339424284872981,-0.5115366261499212,-1.0141305315412337,0,0,1,0,1,1,0,0,0,1,0,0,0,1,0,0,0,0,0,0,1,0.0
161,1.294555597468107,1.2365343752847084,1.976788072995788,0,0,0,1,1,1,0,1,1,1,0,1,1,1,1,0,1,0,0,0,0,0.0
162,-1.2178559826110846,0.4779375256055296,-0.8985835589588318,0,1,0,0,0,1,1,1,0,0,0,0,0,1,1,0,0,0,0,1,0,1.0
163,-1.096287680349188,-0.2245891221408404,-0.836097367074726,0,0,0,1,1,0,0,1,1,1,0,1,1,0,0,0,0,0,0,0,1,0.0
164,1.5376922019919002,1.6092363057792616,2.552487903947225,0,0,0,1,0,1,1,1,1,1,1,1,1,0,1,0,0,1,1,0,0,0.0
165,1.172987295206211,0.3262181556696936,0.9813575448290044,0,1,0,1,1,1,0,1,1,1,1,1,0,0,0,0,0,1,1,0,0,0.0
166,-0.2047867970952814,-0.3433260203514945,-0.3414774937103101,0,1,0,0,0,1,1,0,1,0,0,0,0,1,0,0,1,0,0,1,0,0.0
167,-1.1368104477698204,-1.5026599014916309,-0.9926234569263408,0,1,0,1,1,1,0,0,0,0,0,0,0,0,0,1,0,1,0,0,1,0.0
168,1.5376922019919002,1.6092363057792616,2.434884478015192,0,0,0,1,1,1,1,1,1,1,1,1,1,0,1,0,0,1,0,0,0,0.0
169,-1.2989015174523488,0.7088148276818015,-0.9568925799764992,0,1,0,0,0,1,0,0,1,0,0,1,0,1,1,0,0,0,0,0,0,1.0
170,1.3350783648887394,-1.345993160797018,-0.3572007932793652,0,0,0,1,0,1,1,0,0,0,0,0,0,0,0,1,0,1,1,0,0,0.0
171,0.7272368535792576,1.487201160396089,1.4629746350348147,0,0,1,0,0,1,1,0,1,1,1,1,1,1,1,0,0,0,0,1,0,0.0
172,1.2540328300474752,1.43113095846328,2.009734169368004,0,0,1,0,0,1,1,1,0,1,1,1,1,1,1,0,0,1,0,1,0,0.0
173,1.5376922019919002,-1.349291407969536,-0.2391260967880417,0,0,0,1,1,1,1,0,0,0,0,0,0,0,0,1,0,1,1,0,0,0.0
174,0.3220091793729363,1.304148442321331,0.9347874450154814,0,1,1,1,0,1,1,1,0,1,0,1,1,1,1,0,1,0,0,0,0,0.0
175,0.4030547142142006,-0.137185572069109,0.1306499211425145,0,1,0,1,0,1,0,1,1,1,0,0,0,1,0,0,1,0,0,0,1,0.0
176,0.0788725748491435,-1.3377475428657224,-0.6367713418839123,0,0,0,1,1,1,1,0,0,0,0,0,0,0,0,1,0,1,1,0,0,0.0
177,0.4435774816348327,-0.4867997723560349,-0.0357300076760829,0,1,0,1,1,0,0,1,0,0,0,1,1,1,0,0,0,0,0,0,0,0.0
178,-1.339424284872981,-0.7374665574674159,-1.0170652618422698,0,0,1,0,0,0,0,0,1,1,0,0,1,1,0,0,0,0,0,1,0,0.0
179,0.3625319467935684,0.6857270974741743,0.4957989190364008,0,1,0,1,0,1,1,1,1,0,1,1,1,0,0,0,0,1,1,0,0,0.0
180,0.524623016476097,0.974323725069514,0.9192997807260718,0,0,0,1,0,1,1,0,0,0,0,1,1,1,1,0,1,0,1,0,0,0.0
181,-1.339424284872981,-1.4729756769389677,-1.0266192013624311,0,1,0,1,1,1,0,0,0,0,0,0,0,1,0,1,0,0,0,1,0,0.0
182,-1.339424284872981,-0.6780981083620886,-1.016294091836158,0,1,1,0,0,1,0,0,0,0,0,0,0,0,0,0,0,0,0,0,1,0.0
183,0.1599181096904078,0.1415163140086763,0.1029520650896697,0,0,0,0,0,1,1,1,1,1,1,0,0,0,0,0,0,0,0,1,0,0.0
184,-0.1642640296746492,-0.5032910082186258,-0.3811927490250623,0,0,1,1,0,1,0,0,1,0,0,0,0,1,0,0,0,0,0,0,0,0.0
185,0.8893279232617861,0.9495868712756276,1.1599048226329198,0,0,0,0,0,1,1,0,1,0,1,0,1,1,1,0,0,0,0,1,0,0.0
186,-0.1237412622540171,-1.520800260940481,-0.7533036983630125,0,1,0,1,1,1,0,0,0,0,0,0,0,1,0,1,0,0,0,0,1,0.0
187,0.7677596209998897,1.5218327557075295,1.4534421169037115,0,1,0,1,0,1,1,0,1,1,1,1,1,1,1,0,1,0,0,0,0,0.0
188,1.3350783648887394,1.2843589592862217,1.9144304094460347,0,0,0,1,1,1,1,1,0,0,1,1,1,0,1,0,0,1,0,0,0,0.0
189,-1.339424284872981,0.3196216613246572,-1.00333415145567,0,0,0,0,1,1,0,0,1,0,0,0,0,1,1,0,0,0,0,1,0,1.0
190,0.6056685513173612,0.9809202194145504,0.9411281761768444,0,1,0,1,1,1,1,0,0,0,0,1,1,1,1,0,0,0,0,0,0,0.0
191,1.5376922019919002,1.1755168025931222,2.075305041276557,0,1,0,0,0,1,1,1,1,1,0,1,0,1,1,0,0,1,0,0,0,0.0
192,-0.5289689364603384,-1.5191511373542217,-0.8683579789970651,0,0,0,0,0,1,0,0,0,0,0,0,0,0,0,1,0,1,0,0,1,0.0
193,-1.339424284872981,0.919902646722964,-0.9955367658383184,0,0,1,0,0,1,1,0,0,0,0,1,1,1,1,0,0,0,0,1,0,1.0
194,-0.1237412622540171,0.8259026023061964,0.1833251168377549,0,0,1,0,0,1,1,0,1,0,0,1,0,1,1,0,0,0,0,1,0,0.0
195,-0.8126283084047633,0.8324990966512328,-0.4962256082700564,0,1,0,1,1,1,1,0,1,0,0,0,1,1,1,0,0,0,0,0,0,0.0
196,0.4435774816348327,0.4317620651902751,0.5070023055140791,0,0,0,1,1,1,1,0,1,1,0,1,1,0,0,0,1,0,1,0,0,0.0
197,-1.2989015174523488,-0.6945893442246794,-0.9940158472151536,0,1,0,1,0,0,0,0,0,0,0,1,1,0,0,0,0,0,0,1,0,0.0
198,-0.8531510758253954,-0.1272908305515545,-0.7142525061090788,0,0,0,1,1,1,0,0,1,1,1,0,0,0,0,0,0,0,0,0,0,0.0
199,-0.2453095645159135,-0.5197822440812166,-0.4314259063676156,0,1,0,1,1,1,1,0,0,0,0,0,0,0,0,0,0,0,0,0,1,0.0
200,-1.339424284872981,-0.6715016140170524,-1.0162084062799237,0,1,0,0,0,1,0,0,0,0,0,0,0,1,0,0,0,0,0,0,1,0.0
201,0.524623016476097,0.5834814351261107,0.7059427457018369,0,0,0,1,0,1,1,0,1,1,0,0,0,1,1,0,0,0,0,0,0,0.0
202,1.5376922019919002,0.6923235918192107,1.6312610674796328,0,0,0,0,0,1,1,1,1,1,1,1,1,0,0,0,0,1,0,0,0,0.0
203,-0.9747193780872918,-1.347642284383277,-0.9396912045623966,0,0,0,0,1,1,1,0,0,0,0,0,0,0,0,1,0,0,1,0,0,0.0
204,-1.339424284872981,-1.5290458788717762,-1.0273475285904257,0,1,0,0,0,1,0,0,0,0,0,0,0,0,0,1,0,0,0,1,0,0.0
205,-1.015242145507924,0.9363938825855548,-0.6878827761778705,0,0,0,0,0,1,0,0,0,1,0,1,1,1,1,0,0,0,0,1,0,1.0
206,-0.4884461690397063,0.4779375256055296,-0.2684519784093446,0,1,0,1,1,1,0,0,0,0,0,0,1,1,1,0,0,0,0,1,0,0.0
207,0.4841002490554648,-1.4993616543191126,-0.6733376530070417,0,0,0,1,1,1,0,0,0,0,0,0,0,1,0,1,1,0,0,0,0,0.0
208,0.848805155841154,-1.4729756769389677,-0.5170900412131895,0,1,0,1,1,1,0,0,0,0,0,0,0,0,0,1,0,1,0,0,1,0.0
209,-0.4479234016190741,-1.517502013767963,-0.8484360871725131,0,0,0,1,1,1,0,0,0,0,0,0,0,0,0,1,1,0,0,0,1,0.0
210,-1.339424284872981,-1.501010777905372,-1.0269833649764284,0,1,0,0,0,1,0,0,0,0,0,0,0,0,0,1,0,0,0,0,1,0.0
211,-0.1642640296746492,0.3031304254620663,-0.1008938731925209,0,0,1,1,0,1,1,0,0,1,0,1,1,0,0,0,0,1,0,1,0,0.0
212,1.132464527785579,1.6290257888143702,2.0205519708426265,0,1,0,0,0,1,1,1,1,1,1,1,1,1,1,0,1,0,1,0,0,0.0
213,-0.6505372387222348,-1.5389406203893308,-0.8861805746938687,0,0,0,0,0,1,0,0,0,0,0,0,0,0,0,1,0,0,0,1,0,0.0
214,-0.407400634198442,-1.5142037665954444,-0.8222163069647156,0,1,0,0,1,1,0,0,0,0,0,0,0,0,0,1,0,1,0,0,1,0.0
215,0.6867140861586255,1.3569203970816217,1.3202224983479172,0,0,0,1,0,1,1,0,1,1,0,1,1,1,1,0,1,0,0,0,0,0.0
216,0.9298506906824182,0.6214112776100699,1.040287786129373,0,1,0,1,1,1,1,1,0,1,1,1,1,1,0,0,0,1,0,1,0,0.0
217,-0.8531510758253954,-1.4993616543191126,-0.9185482935615013,0,1,0,0,0,1,0,0,0,0,0,0,0,0,0,1,1,0,0,0,1,0.0
218,-1.1773332151904523,-1.520800260940481,-0.9929447777622208,0,1,0,0,0,1,0,0,0,0,0,0,0,0,0,1,1,0,0,1,0,0.0
219,0.6461913187379933,0.6098674125062564,0.7485284671504491,0,1,0,1,1,1,1,0,1,1,1,1,1,1,0,0,1,0,1,0,0,0.0
220,0.8893279232617861,1.2381834988709677,1.4808614948987942,0,0,0,1,1,1,1,0,0,1,1,1,1,1,1,0,0,1,0,1,0,0.0
221,0.4841002490554648,-1.507607272250408,-0.6661400662833326,0,0,0,1,1,1,0,0,0,0,0,0,0,0,0,1,0,1,1,0,0,0.0
222,1.416123899730004,-1.3591861494870905,-0.2994915711553403,0,0,0,1,1,1,1,0,0,0,0,0,0,0,0,1,0,1,0,0,0,0.0
223,-1.339424284872981,0.4564989189841614,-1.0015561761638012,0,0,0,0,0,1,0,0,0,0,0,1,0,1,1,0,0,0,0,1,0,1.0
224,-1.339424284872981,1.1590255667305314,-0.9924306644248128,0,1,1,1,0,1,1,0,0,1,0,1,1,1,1,0,0,0,0,1,0,1.0
225,1.5376922019919002,0.9034114108603732,1.8498663428232387,0,0,1,1,0,1,1,1,1,1,1,0,0,1,1,0,0,1,0,0,0,0.0
226,0.7272368535792576,1.2794115885274446,1.312703590788328,0,0,1,1,0,1,0,1,0,1,1,1,1,1,1,0,1,0,0,0,0,0.0
227,-0.7315827735634991,-0.0151504266859366,-0.5886160592800489,0,1,0,0,0,1,1,0,0,1,0,0,1,1,0,0,0,0,1,0,0,0.0
228,-1.2989015174523488,-0.5890454347040982,-0.9960080363976088,0,0,0,0,0,1,0,1,0,0,0,0,0,1,0,0,0,0,0,1,0,0.0
229,-0.6505372387222348,-1.5026599014916309,-0.8634524809026325,0,0,0,0,0,1,0,0,0,0,0,0,0,0,0,1,1,0,0,0,1,0.0
230,1.2540328300474752,0.9825693430008094,1.630618425807873,0,1,1,0,0,1,1,0,1,1,0,1,0,1,1,0,0,0,0,0,0,0.0
231,0.6056685513173612,-1.491116036387817,-0.596627658787987,0,1,0,0,1,1,0,0,0,0,0,0,0,0,0,1,0,1,1,0,0,0.0
232,-0.3263550993571777,0.6609902436802879,-0.1500559610821413,0,1,1,1,0,1,0,0,0,1,0,1,0,1,1,0,0,0,1,0,0,0.0
233,0.9298506906824182,0.9578324892069232,1.307433929079898,0,1,0,0,0,1,1,0,1,0,1,0,1,0,1,0,1,0,0,1,0,0.0
234,1.294555597468107,-0.5362734799438075,0.35756669544088,0,1,0,1,1,1,0,0,0,0,1,0,0,1,0,0,1,0,1,0,0,0.0
235,1.497169434571268,1.4525695650846484,2.3507841045709004,0,1,1,1,0,1,0,1,1,1,1,1,1,1,1,0,0,1,0,0,0,0.0
236,-0.5289689364603384,-1.3064141947268,-0.7932331675683512,0,0,0,1,1,0,0,0,0,0,0,0,0,1,0,0,0,0,0,1,0,0.0
237,-0.0426957274127528,1.2546747347335585,0.4497429325602858,0,1,0,1,1,1,1,1,0,1,0,1,1,1,1,0,1,0,0,0,1,0.0
238,0.3625319467935684,0.4878322671230841,0.4205670006623935,0,1,0,1,0,1,1,0,1,0,0,0,0,0,1,0,0,0,0,1,0,0.0
239,1.0514189929443147,0.6362533898864017,1.1000320402139705,0,0,0,0,1,1,1,1,0,1,1,1,1,1,0,0,0,1,0,1,0,0.0
240,0.9298506906824182,1.5597625981914889,1.7341694205174265,0,1,0,0,0,1,1,1,1,1,0,1,1,1,1,0,0,1,0,0,0,0.0
241,-0.3263550993571777,-1.4960634071465946,-0.8165824816422885,0,0,0,0,0,1,0,0,0,0,0,0,0,1,0,1,0,0,0,1,0,0.0
242,-0.6910600061428669,-1.5092563958366674,-0.8943421239252175,0,0,0,1,1,1,0,0,0,0,0,0,0,0,0,1,1,0,0,0,0,0.0
243,1.5376922019919002,1.4476221943258711,2.3435008322909567,0,1,0,1,1,1,1,1,1,1,0,1,1,0,1,0,0,1,1,0,0,0.0
244,-1.2178559826110846,0.2899374367719939,-0.9094656246006302,0,1,1,0,0,1,1,0,0,0,0,0,0,1,1,0,0,0,0,1,0,1.0
245,-1.055764912928556,0.659341120094029,-0.7530894844724259,0,0,0,1,0,1,1,0,0,0,0,0,1,1,1,0,0,0,0,0,0,1.0
246,1.0108962255236824,0.9297973882405184,1.3527615883280186,0,0,1,1,0,1,1,0,0,0,0,1,1,1,1,0,0,0,0,0,0,0.0
247,0.2004408771110399,1.1507799487992358,0.6332599726258099,0,0,0,0,1,1,1,0,0,0,1,1,1,0,1,0,0,1,0,0,1,0.0
248,-0.0021729599921207,-1.5026599014916309,-0.7433855952288537,0,1,0,1,1,1,0,0,0,0,0,0,0,1,0,1,1,0,0,0,0,0.0
249,0.4435774816348327,-0.0976066059988908,0.1603399663778147,0,0,1,0,0,1,0,1,0,1,0,0,1,0,0,0,1,0,1,0,0,0.0
250,-0.0021729599921207,-0.8281683547116655,-0.4675852110986305,0,0,0,1,1,0,0,0,0,0,1,1,0,1,0,0,0,1,0,1,0,0.0
251,-0.6505372387222348,-0.5164839969086984,-0.6531587045137858,0,1,0,0,0,1,0,0,0,1,0,0,0,1,0,0,0,0,0,0,1,0.0
252,-1.055764912928556,-0.1866592796568815,-0.8266505344998578,0,1,0,0,0,1,0,1,0,0,0,1,0,1,0,0,0,0,0,1,0,0.0
253,0.4841002490554648,0.9248500174817414,0.744415560451187,0,0,0,0,0,1,1,1,1,0,0,0,1,1,1,0,0,0,0,1,0,0.0
254,1.294555597468107,-0.4983436374598485,0.4058505063790955,0,0,0,1,1,0,0,0,0,0,1,1,1,0,0,0,0,1,0,0,0,0.0
255,1.0514189929443147,0.992464084518364,1.4248017197322858,0,0,0,1,0,1,1,0,1,1,0,1,0,1,1,0,0,0,0,1,0,0.0
256,1.497169434571268,-1.3410457900382406,-0.2845822843705142,0,1,0,1,0,1,1,0,0,0,0,0,0,0,0,1,0,1,0,0,0,0.0
257,0.5651457838967291,-1.501010777905372,-0.6144930972629078,0,0,0,0,0,1,0,0,0,0,0,0,0,0,0,1,0,1,1,0,0,0.0
258,-0.9747193780872918,0.1530601791124897,-0.7193507967050393,0,0,0,1,0,1,0,0,0,0,0,0,0,1,1,0,0,0,0,1,0,0.0
259,-0.6910600061428669,0.0343232809018358,-0.5741780430545134,0,0,0,1,1,1,1,0,1,1,1,0,0,1,0,0,0,0,0,0,1,0.0
260,-0.6505372387222348,-1.0606947803741962,-0.7785595160631703,0,0,0,0,0,0,0,0,1,1,0,0,0,1,0,0,0,0,1,0,0,0.0
261,-1.2989015174523488,-1.5059581486641491,-1.0180934885170854,0,1,0,0,0,1,0,0,0,0,0,0,0,1,0,1,0,0,0,0,1,0.0
262,0.0383498074285114,-0.1998522683469541,-0.13810282598741,0,0,0,0,0,1,1,1,0,1,0,0,0,1,0,0,0,0,0,1,0,0.0
263,1.294555597468107,0.4564989189841614,1.1905374089868008,0,0,0,0,1,1,0,0,1,1,1,1,1,1,0,0,0,1,1,0,0,0.0
264,0.3220091793729363,-1.4828704184565218,-0.6805138183416922,0,0,0,1,1,1,0,0,0,0,0,0,0,0,0,1,0,1,0,0,1,0.0
265,-1.1773332151904523,0.7863236362359782,-0.8309562337006481,0,0,1,0,0,1,0,0,0,0,0,1,1,1,1,0,0,0,0,1,0,1.0
266,0.3220091793729363,1.0996571176252044,0.7359326903839583,0,1,0,1,0,1,0,0,0,1,1,1,1,1,1,0,0,1,1,0,0,0.0
267,-1.2178559826110846,-0.6962384678109387,-0.9609412225085856,0,0,0,0,0,0,0,0,0,0,0,1,1,1,0,0,0,0,0,1,0,0.0
268,-0.1642640296746492,0.0640075054544991,-0.1786749368645085,0,0,0,1,1,1,1,1,1,1,1,0,0,0,0,0,0,0,0,1,0,0.0
269,1.2135100626268431,1.6273766652281114,2.1330999489568163,0,1,0,1,0,1,1,1,1,1,1,1,1,1,1,0,1,0,0,1,0,0.0
270,-0.7315827735634991,0.2849900660132165,-0.5308211515997893,0,0,1,1,0,1,0,0,1,0,0,0,0,1,1,0,0,0,1,0,0,0.0
271,0.1599181096904078,0.6510955021627335,0.3769102097608482,0,0,0,1,1,1,1,1,0,1,1,1,1,1,0,0,0,1,0,0,0,0.0
272,1.5376922019919002,-1.3047650711405407,-0.2424035693140164,0,0,0,1,1,1,1,0,0,0,0,0,0,0,0,1,0,1,0,0,1,0.0
273,0.9298506906824182,0.2866391895994755,0.8140564962808846,0,0,0,0,0,1,0,1,0,1,0,1,1,1,0,0,0,1,0,0,0,0.0
274,-1.339424284872981,0.2882883131857349,-1.0037411578477844,0,0,1,1,0,1,1,0,0,0,0,0,0,1,1,0,0,0,0,1,0,1.0
275,0.2814864119523041,0.4696919076742342,0.3894203009711045,0,1,0,1,1,1,1,1,1,1,1,0,1,0,0,0,0,0,1,0,0,0.0
276,-1.2989015174523488,-0.1157469654477409,-0.9871610027163832,0,1,0,1,0,1,0,1,0,0,0,0,1,1,0,0,0,0,0,0,1,0.0
277,1.0514189929443147,1.0996571176252044,1.5426193595549054,0,0,1,1,0,1,1,0,0,0,1,1,1,1,1,0,0,0,0,1,0,0.0
278,1.294555597468107,0.6675867380253244,1.361565779231127,0,0,0,1,0,1,0,1,1,1,1,1,1,1,0,0,0,1,0,0,0,0.0
279,-0.8936738432460276,0.6247095247825878,-0.5997551815905511,0,1,0,0,0,1,0,0,1,0,0,0,1,1,1,0,0,0,0,1,0,1.0
280,-0.6100144713016027,-1.5158528901817034,-0.8700288473436405,0,0,0,0,0,1,0,0,0,0,0,0,0,1,0,1,1,0,1,0,0,0.0
281,0.3625319467935684,-1.293221206036727,-0.560039926275799,0,0,0,0,0,1,1,0,0,0,0,0,0,0,0,1,0,1,0,0,0,0.0
282,-1.1368104477698204,0.2783935716681801,-0.8424380982360888,0,1,1,0,0,1,0,1,0,0,0,0,0,1,1,0,0,0,0,1,0,1.0
283,-0.5694917038809706,0.7698324003733874,-0.2556848305303844,0,0,0,1,0,1,0,0,0,0,0,1,1,1,1,0,0,0,0,0,1,0.0
284,-0.9341966106666596,0.2932356839445119,-0.6822703722445022,0,0,0,0,0,1,0,0,1,0,0,0,0,1,1,0,0,0,0,1,0,1.0
285,-0.8936738432460276,-0.4851506487697757,-0.7760960563214246,0,0,0,0,0,0,0,1,1,0,1,1,0,1,0,0,0,0,0,0,0,0.0
286,0.6867140861586255,1.0996571176252044,1.1228672409504996,0,0,0,0,0,1,0,0,1,1,0,1,1,1,1,0,0,0,0,1,0,0.0
287,-1.339424284872981,-1.520800260940481,-1.0272404216451323,0,1,0,0,0,1,0,0,0,0,0,0,0,0,0,1,0,0,1,0,0,0.0
288,1.0108962255236824,1.5861485755716342,1.7754055944553435,0,0,0,1,0,1,1,1,1,1,1,1,1,0,1,0,0,1,0,1,0,0.0
289,-1.2583787500317167,0.816007860788642,-0.9206047469111324,0,0,0,0,0,1,0,0,1,1,0,0,1,0,1,0,0,0,0,1,0,1.0
290,-0.2453095645159135,0.9512359948618868,0.10374465648484,0,0,0,0,0,1,1,1,1,0,0,0,1,1,1,0,0,0,1,0,0,0.0
291,-0.407400634198442,0.6692358616115833,-0.1328545856680388,0,0,0,0,0,1,0,0,1,1,1,0,0,1,1,0,0,0,0,1,0,0.0
292,-0.8936738432460276,-1.0442035445116054,-0.8460583129870021,0,0,0,0,0,0,0,0,1,0,1,0,0,0,0,0,0,0,0,0,1,0.0
293,-1.339424284872981,-1.3328001721069451,-1.0247983832924454,0,1,0,0,0,0,0,0,0,0,0,0,0,0,0,0,0,0,0,0,0,0.0
294,-0.8126283084047633,0.3064286726345848,-0.5914436826357917,0,0,1,0,0,1,1,0,0,0,0,0,0,1,1,0,0,0,0,1,0,1.0
295,-0.0426957274127528,-1.0425544209253463,-0.5583690579292236,0,0,0,0,1,0,0,1,0,0,1,0,0,0,0,0,1,0,1,0,0,0.0
296,1.5376922019919002,0.7929201305810147,1.68031604842396,0,0,0,1,1,1,1,1,1,1,1,1,1,0,0,0,0,1,1,0,0,0.0
297,1.0919417603649468,1.2414817460434855,1.7570260426430149,0,1,0,1,0,1,1,0,0,1,1,1,1,1,1,0,1,0,0,0,0,0.0
298,-0.0832184948333849,0.6098674125062564,0.0722766359576711,0,1,0,1,0,1,0,0,1,0,0,0,1,0,1,0,0,0,0,0,0,0.0
299,1.3350783648887394,1.350323902736585,2.0682145614981406,0,1,0,0,1,1,1,0,1,0,1,1,1,1,1,0,1,0,0,0,0,0.0
300,-0.5289689364603384,0.0986391007659402,-0.3958878219193018,0,1,0,0,0,1,0,0,0,0,0,0,0,1,1,0,0,0,0,1,0,0.0
301,-1.2178559826110846,0.4020778406376114,-0.9074305926400577,0,0,0,0,0,1,0,0,0,0,0,1,0,0,1,0,0,0,0,1,0,1.0
302,-1.2583787500317167,1.3090958130801078,-0.897126904502843,0,0,0,0,0,1,1,0,1,1,0,1,1,1,1,0,0,0,0,0,0,1.0
303,-1.055764912928556,0.705516580509283,-0.7091113727350008,0,1,0,0,0,1,1,0,0,0,0,1,0,1,1,0,0,0,0,1,0,1.0
304,-1.1773332151904523,-0.3779576156629352,-0.9035533212204404,0,1,0,0,0,1,0,1,0,0,1,0,0,0,0,0,0,0,0,1,0,0.0
305,1.416123899730004,-1.3426949136244997,-0.2994273069881644,0,1,0,1,0,1,1,0,0,0,0,0,0,1,0,1,0,1,1,0,0,0.0
306,1.3756011323093718,-1.52244938452674,-0.52426620654784,0,0,1,1,1,1,0,0,0,0,0,0,0,0,0,1,1,0,0,0,0,0.0
307,-0.2047867970952814,-1.156343948377223,-0.6687320543594303,0,1,0,0,0,0,0,0,1,0,0,0,0,1,0,0,0,0,0,1,0,0.0
308,-1.1773332151904523,-1.4944142835603351,-0.983347995463942,0,0,0,0,1,1,0,0,0,0,0,0,0,0,0,1,0,0,1,0,0,0.0
309,-0.8531510758253954,0.235516358425444,-0.6371569268869681,0,0,0,1,1,1,1,0,1,1,1,1,0,1,0,0,0,0,0,1,0,0.0
310,-0.3668778667778098,-1.5372914968030718,-0.837982449311888,0,1,0,0,0,1,0,0,0,0,0,0,0,0,0,1,0,0,0,0,1,0.0
311,0.6461913187379933,-1.527396755285517,-0.5930502868151911,0,1,0,0,0,1,0,0,0,0,0,0,0,1,0,1,1,0,0,0,1,0.0
312,-0.6910600061428669,-1.527396755285517,-0.9040888559469068,0,1,0,1,0,1,0,0,0,0,0,0,0,0,0,1,1,0,0,0,1,0.0
313,-1.2583787500317167,-0.9633964887849102,-0.9954725016711424,0,0,1,1,0,0,0,0,0,0,0,1,0,1,0,0,0,0,0,0,1,0.0
314,-0.0021729599921207,0.7978675013397917,0.2889754076750567,0,0,0,1,1,1,0,0,1,1,0,1,0,1,1,0,0,0,0,1,0,0.0
315,-1.1773332151904523,-1.517502013767963,-0.996179407510078,0,1,0,0,0,1,0,0,0,0,0,0,0,1,0,1,0,0,1,0,0,0.0
316,0.2814864119523041,0.4812357727780476,0.4377469546874373,0,0,0,1,0,1,1,0,1,0,0,0,0,1,1,0,0,0,0,1,0,0.0
317,-0.407400634198442,-1.350940531555795,-0.7906626008813122,0,1,0,1,1,1,1,0,0,0,0,0,0,0,0,1,0,1,0,0,1,0.0
318,-0.407400634198442,-1.5158528901817034,-0.8417311923971531,0,1,0,1,1,1,0,0,0,0,0,0,0,0,0,1,0,1,0,0,1,0.0
319,-0.7315827735634991,-0.5346243563575482,-0.6933023876097111,0,0,0,0,0,1,0,0,0,0,1,0,0,1,0,0,0,0,0,0,1,0.0
320,-0.9747193780872918,0.8390955909962687,-0.6224618539927287,0,1,0,0,1,1,0,0,0,1,1,1,0,1,1,0,0,0,0,1,0,1.0
321,0.524623016476097,-1.50430902507789,-0.6279457295917452,0,0,0,1,1,1,0,0,0,0,0,0,0,0,0,1,1,0,0,0,1,0.0
322,0.848805155841154,-0.2328347400721358,0.279057304540898,0,0,0,1,0,1,0,1,1,1,0,0,0,0,0,0,0,1,0,1,0,0.0
323,0.240963644531672,0.6346042663001427,0.4077784313943747,0,0,0,0,0,1,1,0,0,0,0,1,0,1,1,0,0,0,0,1,0,0.0
324,-1.2178559826110846,-1.0112210727864237,-0.977457113472811,0,1,0,0,0,0,0,1,0,1,0,0,0,0,0,0,0,0,0,0,1,0.0
325,-0.0426957274127528,-1.5026599014916309,-0.7873851283553375,0,1,0,1,1,1,0,0,0,0,0,0,0,0,0,1,1,0,0,0,1,0.0
326,1.2135100626268431,-1.3229054305893908,-0.3008839614441531,0,1,0,1,0,1,1,0,0,0,0,0,0,0,0,1,0,1,0,0,1,0.0
327,-1.339424284872981,-0.6385191422918708,-1.0157799784987502,0,0,0,0,0,1,0,0,0,0,0,0,0,0,0,0,0,0,0,0,1,0.0
328,0.848805155841154,-1.4960634071465946,-0.573321187492167,0,1,0,1,1,1,0,0,0,0,0,0,0,0,0,1,0,1,0,0,1,0.0
329,-1.339424284872981,-0.7094314565010114,-1.0167010982282725,0,0,0,0,0,1,0,0,0,0,0,0,0,1,0,0,0,0,0,0,1,0.0
330,1.5376922019919002,0.6197621540238109,1.5491314618287375,0,0,0,1,0,1,0,1,1,1,1,1,1,0,0,0,0,1,0,0,1,0.0
331,-1.339424284872981,0.9710254778969956,-0.9948727027775,0,0,1,1,0,1,1,0,0,0,0,1,1,1,1,0,0,0,0,1,0,1.0
332,0.9703734581030504,-0.7110805800872704,-0.0017985274071684,0,1,0,1,1,1,0,0,0,0,0,0,0,1,0,0,1,0,0,0,1,0.0
333,-0.6505372387222348,0.6148147832650334,-0.3767371001008614,0,0,0,0,0,1,1,0,0,0,0,1,0,0,1,0,0,0,0,0,0,0.0
334,-1.2583787500317167,-0.4043435930430807,-0.954771862459692,0,0,0,0,0,1,0,0,0,0,0,1,0,0,0,0,0,0,1,0,0,0.0
335,0.524623016476097,-0.7836420178826702,-0.2322069881220951,0,1,0,0,0,0,0,1,0,1,1,0,0,0,0,0,0,1,0,0,1,0.0
336,-0.5289689364603384,0.9446395005168504,-0.200888917318337,0,1,0,1,0,1,1,0,0,0,0,1,1,1,1,0,0,0,0,1,0,1.0
337,1.456646667150636,0.9611307363794412,1.9029913876887108,0,1,0,1,0,1,1,1,1,1,1,1,1,1,0,0,0,1,1,0,0,0.0
338,-0.9341966106666596,-0.3647646269728626,-0.7709120801692294,0,1,0,0,0,1,0,1,0,0,1,0,0,1,0,0,1,0,0,0,1,0.0
339,0.2814864119523041,-0.3086944250400538,-0.0228129100737121,0,1,0,0,0,1,1,0,1,0,0,0,0,1,0,0,1,0,1,0,0,0.0
340,0.2004408771110399,0.5191656152620068,0.3412435969781825,0,0,0,0,0,1,1,0,1,0,0,0,0,0,1,0,1,0,1,0,0,0.0
341,1.456646667150636,1.0551307807962091,1.955880797274538,0,1,0,1,0,1,1,0,0,1,0,1,1,1,1,0,1,0,0,1,0,0.0
342,-1.339424284872981,0.820955231547419,-0.9968220491818378,0,0,0,0,0,1,0,0,0,0,0,1,1,1,1,0,0,0,0,1,0,1.0
343,0.1193953422697756,0.8407447145825282,0.4078641169506092,0,0,0,0,0,1,1,1,0,0,0,1,0,1,1,0,0,0,0,1,0,0.0
344,-1.1773332151904523,0.8489903325138237,-0.842930790184438,0,0,1,0,0,1,0,0,0,0,0,1,1,1,1,0,0,0,0,1,0,1.0
345,-0.7721055409841312,0.8522885796863416,-0.4356887627902886,0,1,1,0,0,1,0,0,0,0,0,1,1,1,1,0,0,0,0,1,0,1.0
346,-0.4479234016190741,0.4251655708452387,-0.246002362675871,0,1,0,0,0,1,1,1,0,1,0,1,1,1,0,0,1,0,0,1,0,0.0
347,-1.2178559826110846,-0.4933962667010711,-0.9436970043163656,0,1,0,0,0,1,1,0,0,0,0,0,0,0,0,0,0,0,0,1,0,0.0
348,-0.3668778667778098,0.2849900660132165,-0.1992180489717616,0,0,0,0,0,1,0,1,0,0,0,0,0,0,1,0,0,0,0,0,0,0.0
349,0.6867140861586255,-1.3410457900382406,-0.495497281042062,0,0,1,0,0,1,1,0,0,0,0,0,0,0,0,1,1,0,0,0,0,0.0
350,-0.9341966106666596,-1.4746248005252265,-0.9210760174704228,0,0,0,1,1,1,0,0,0,0,0,0,0,0,0,1,0,0,0,0,0,0.0
351,-0.6910600061428669,-0.3350804024201991,-0.6354003729841582,0,0,0,0,0,1,0,1,1,0,0,0,0,1,0,0,0,0,1,0,0,0.0
352,-1.339424284872981,-1.524098508112999,-1.0272832644232497,0,0,0,0,0,1,0,0,0,0,0,0,0,0,0,1,0,0,0,0,1,0.0
353,0.6461913187379933,0.9693763543107364,1.0588387090541709,0,1,1,1,0,1,1,0,1,1,0,1,0,1,1,0,0,0,0,1,0,0.0
354,1.5376922019919002,1.317341431011403,2.212509038197262,0,0,0,1,0,1,1,1,1,1,1,0,1,0,1,0,0,1,0,0,0,0.0
355,-0.2858323319365456,-1.5109055194229262,-0.8342551276156814,0,0,0,0,0,1,0,0,0,0,0,0,0,0,0,1,0,1,1,0,0,0.0
356,0.240963644531672,0.5125691209169704,0.3748965991893345,0,0,0,1,1,1,1,0,0,1,0,0,0,1,1,0,0,0,0,1,0,0.0
357,-1.1773332151904523,-0.8463087141605153,-0.9398839970639248,0,0,0,0,0,0,0,1,0,1,1,0,0,0,0,0,0,0,0,0,1,0.0
358,-0.3668778667778098,0.9908149609321047,-0.0338020826608037,0,0,0,1,0,1,0,0,0,0,1,1,1,1,1,0,0,0,1,0,0,0.0
359,-0.3263550993571777,1.3222888017701806,0.1255302091574953,0,0,1,1,1,1,1,0,1,1,0,1,1,0,1,0,0,0,0,1,0,1.0
360,-0.7315827735634991,-1.5026599014916309,-0.9087372973726356,0,1,0,0,0,1,0,0,0,0,0,0,0,0,0,1,1,0,0,0,1,0.0
361,-1.339424284872981,-0.5313261091850303,-1.0143875882099374,0,1,1,1,0,1,0,1,0,0,0,0,0,1,0,0,0,0,0,1,0,0.0
362,0.6056685513173612,0.2899374367719939,0.5589491739813249,0,1,0,0,0,1,0,0,0,1,1,1,1,1,0,0,0,1,0,0,0,0.0
363,0.1599181096904078,-0.1866592796568815,-0.0959883750980883,0,0,0,1,0,0,0,1,1,0,1,1,1,1,0,0,0,1,0,0,0,0.0
364,-1.015242145507924,0.7500429173382787,-0.697758036533912,0,1,0,0,0,1,0,0,0,0,0,1,1,1,1,0,0,0,0,0,1,1.0
365,-0.0426957274127528,-1.3657826438321268,-0.6763794902533712,0,1,0,1,1,1,1,0,0,0,0,0,0,0,0,1,0,0,0,0,0,0.0
366,-0.1642640296746492,0.1563584262850082,-0.1595884792132441,0,0,0,0,0,1,0,1,1,0,1,1,0,0,0,0,1,0,0,1,0,0.0
367,-0.2858323319365456,-1.3575370259008317,-0.7091756369021767,0,1,0,1,1,1,1,0,0,0,0,0,0,0,0,1,0,1,0,1,0,0.0
368,-0.4479234016190741,-0.8248701075391472,-0.6297237048836137,0,0,0,0,1,0,0,1,1,0,1,0,0,0,0,0,1,0,0,0,0,0.0
369,-1.1773332151904523,-0.4966945138735893,-0.928530660862836,0,1,0,0,0,1,1,0,0,0,0,0,0,1,0,0,0,0,0,0,1,0.0
370,-0.3263550993571777,0.3245690320834346,-0.1710060795815089,0,0,0,0,0,1,0,0,1,0,0,0,0,0,1,0,1,0,0,0,0,0.0
371,-1.339424284872981,0.1085338422834946,-1.0060760892551783,0,1,0,1,0,1,0,0,0,0,0,0,0,1,1,0,0,0,0,1,0,1.0
372,-0.7721055409841312,-0.54946646863388,-0.7146166697230759,0,0,0,0,0,1,1,0,0,0,0,0,0,1,0,0,0,0,0,1,0,0.0
373,1.5376922019919002,1.4921485311548666,2.494992895713787,0,0,0,1,0,1,1,1,0,1,1,1,1,1,1,0,0,1,1,0,0,0.0
374,-0.2858323319365456,0.33281465001473,-0.2091789948840377,0,0,0,1,1,1,1,0,0,0,0,0,0,1,1,0,0,0,0,0,0,0.0
375,-1.015242145507924,-1.4977125307328536,-0.9558643533016836,0,1,0,0,0,1,0,0,0,0,0,0,0,0,0,1,0,0,0,0,1,0.0
376,1.0919417603649468,0.9380430061718138,1.3799881738215731,0,0,0,1,0,1,1,0,1,0,1,1,0,1,1,0,0,1,0,1,0,0.0
377,-0.6505372387222348,0.2602532122193302,-0.4531900376512122,0,1,1,0,0,1,0,0,1,0,0,0,0,1,1,0,0,0,0,1,0,0.0
378,-1.2989015174523488,-0.3697119977316398,-0.9982144394706506,0,0,0,0,0,1,0,1,0,0,1,0,0,1,0,0,0,0,0,0,1,0.0
379,-0.3668778667778098,0.7714815239596464,-0.1027361126515656,0,0,1,1,0,1,1,1,0,0,0,0,1,1,1,0,1,0,0,1,0,0.0
380,1.2135100626268431,-0.2410803580034312,0.5737513538208576,0,1,0,1,0,1,1,0,0,1,1,0,0,0,0,0,1,0,0,0,0,0.0
381,-1.055764912928556,-0.666554243258275,-0.8592110458690182,0,1,0,1,1,1,0,0,0,0,0,0,0,1,0,0,0,0,0,1,0,0.0
382,0.9703734581030504,1.444323947153353,1.5968797380404869,0,1,0,1,0,1,1,1,1,1,0,1,1,1,1,0,0,1,0,0,0,0.0
383,0.4841002490554648,0.235516358425444,0.3565170473770058,0,0,0,0,0,1,1,0,0,0,0,0,0,0,1,0,0,0,0,0,0,0.0
384,1.5376922019919002,1.4377274528083166,2.438847434991044,0,1,0,1,0,1,1,0,1,1,1,1,1,1,1,0,1,0,0,1,0,0.0
385,1.3756011323093718,1.7461135634387652,2.387543208195557,0,1,0,1,0,1,1,1,1,1,1,1,1,0,1,0,0,1,0,0,1,0.0
386,0.2004408771110399,-1.5092563958366674,-0.6966655456919204,0,0,0,0,0,1,0,0,0,0,0,0,0,0,0,1,1,0,0,0,1,0.0
387,0.6056685513173612,1.0073061967946957,0.9858131937532052,0,0,1,0,0,1,1,0,0,0,0,1,1,1,1,0,0,0,0,1,0,0.0
388,1.0108962255236824,-0.1421329428278862,0.5262172914996953,0,0,0,0,0,1,0,0,0,1,0,0,1,1,0,0,1,0,0,0,0,0.0
389,-1.2583787500317167,-0.2674663353835768,-0.9664465194966608,0,1,0,0,0,1,0,0,0,1,0,1,0,0,0,0,0,0,0,1,0,0.0
390,0.7272368535792576,1.347025655564067,1.3729405368212748,0,1,1,1,0,1,1,0,1,1,0,1,1,1,1,0,1,0,0,1,0,0.0
391,1.5376922019919002,-1.50430902507789,-0.4256849740998952,0,1,0,1,0,1,0,0,0,0,0,0,0,0,0,1,0,1,0,0,0,0.0
392,-0.5694917038809706,0.664288490852806,-0.2955071927904299,0,1,1,0,0,1,1,0,0,0,0,0,1,1,1,0,0,0,1,0,0,0.0
393,1.5376922019919002,0.0706039997995355,1.0228293540465665,0,0,0,1,0,1,1,1,1,1,1,0,0,1,0,0,0,1,0,0,0,0.0
394,-1.339424284872981,-0.4983436374598485,-1.0139591604287643,0,1,0,0,0,1,0,0,1,0,0,0,0,0,0,0,0,0,0,1,0,0.0
395,1.5376922019919002,-0.023396044617232,0.912016508446128,0,0,1,1,0,0,0,1,1,1,1,1,1,1,0,0,0,1,1,0,0,0.0
396,1.0108962255236824,-1.0178175671314602,-0.1872006497098545,0,0,0,1,1,0,0,1,0,1,0,0,0,0,0,0,1,0,0,0,1,0.0
397,1.2135100626268431,0.9545342420344048,1.5129721570977226,0,1,0,1,0,1,1,1,0,1,0,1,0,1,1,0,0,1,1,0,0,0.0
398,0.9703734581030504,-0.1949048975881769,0.517156043927883,0,1,0,1,1,0,0,1,0,1,1,1,1,0,0,0,0,1,0,0,1,0.0
399,0.9703734581030504,1.0963588704526863,1.4409962898606314,0,0,1,1,0,1,1,0,1,0,0,1,1,1,1,0,0,0,0,1,0,0.0
400,-0.2047867970952814,-1.3047650711405407,-0.7389085249155942,0,1,0,1,1,1,1,0,0,0,0,0,0,0,0,1,0,1,0,0,1,0.0
401,1.3756011323093718,1.1392360836954225,1.8998210221080296,0,1,1,1,0,1,1,0,1,0,0,1,1,1,1,0,0,0,0,1,0,0.0
402,-1.339424284872981,-1.4977125307328536,-1.0269405221983112,0,1,0,0,0,1,0,0,0,0,0,0,0,1,0,1,0,0,0,0,1,0.0
403,-0.5694917038809706,0.7830253890634603,-0.2339635420249051,0,1,0,0,0,1,0,1,0,1,0,1,0,1,1,0,0,0,0,0,0,0.0
404,1.2135100626268431,1.1046044883839818,1.608297338408751,0,0,0,0,1,1,0,0,1,0,1,1,1,1,1,0,0,0,1,0,0,0.0
405,-0.2858323319365456,0.9858675901733274,0.0398232315338041,0,0,1,1,0,1,1,0,1,1,0,0,1,1,1,0,0,0,0,1,0,1.0
406,-0.8936738432460276,-1.5026599014916309,-0.9360495684224248,0,1,0,1,1,1,0,0,0,0,0,0,0,1,0,1,0,0,1,0,0,0.0
407,0.2004408771110399,-1.334449295693204,-0.612350958357042,0,0,0,1,1,1,1,0,0,0,0,0,0,0,0,1,0,1,0,0,1,0.0
408,1.0108962255236824,0.7945692541672736,1.3194084855636878,0,1,1,0,0,1,1,1,1,1,0,0,0,1,1,0,0,0,0,1,0,0.0
409,1.172987295206211,1.4212362169457258,1.9084109991205511,0,1,0,1,0,1,1,0,1,1,1,1,1,1,1,0,0,0,0,1,0,0.0
410,0.4435774816348327,0.1448145611811943,0.276422473686683,0,1,1,0,0,1,1,1,0,0,1,0,1,1,0,0,0,0,0,1,0,0.0
411,1.456646667150636,-1.3723791381771633,-0.2795482579417296,0,1,0,1,1,1,1,0,0,0,0,0,0,0,0,1,0,1,0,0,1,0.0
412,-0.5289689364603384,-0.7292209395361204,-0.6022614841104141,0,0,0,0,0,0,0,1,0,0,1,1,0,1,0,0,0,0,0,0,1,0.0
413,-1.2583787500317167,0.1530601791124897,-0.9411907017965028,0,0,0,0,0,1,0,0,0,0,0,0,0,1,1,0,0,0,0,0,1,0.0
414,1.497169434571268,0.4927796378818611,1.4099352757255772,0,0,0,0,0,1,1,1,1,1,1,0,1,0,0,0,0,1,0,0,0,0.0
415,-0.4884461690397063,-0.1487294371729226,-0.4263704585497723,0,1,0,1,1,1,0,1,1,1,0,0,0,0,0,0,0,0,0,0,1,0.0
416,1.132464527785579,1.1986045328007493,1.7616959054578023,0,0,0,0,0,1,1,1,1,0,1,0,1,0,1,0,1,0,0,1,0,0.0
417,0.4435774816348327,-1.543887991148108,-0.6640407701555842,0,0,0,0,0,1,0,0,0,0,0,0,0,0,0,1,1,0,0,0,0,0.0
418,-1.2178559826110846,0.1497619319399717,-0.9155064563151716,0,0,1,1,0,1,0,0,0,0,0,0,0,1,1,0,0,0,0,1,0,1.0
419,1.294555597468107,1.328885296115217,1.9527746958610328,0,1,1,1,0,1,1,0,0,1,1,1,1,1,1,0,1,0,1,0,0,0.0
420,0.8082823884205218,-1.5026599014916309,-0.5731498163796976,0,1,0,0,0,1,0,0,0,0,0,0,0,0,0,1,0,1,0,0,1,0.0
421,1.5376922019919002,-0.0019574379958642,0.9207992779601778,0,0,0,0,0,0,0,1,1,1,1,1,1,1,0,0,0,1,0,0,0,0.0
422,-1.096287680349188,-0.8430104669879971,-0.9099583165489792,0,1,0,0,0,0,0,0,1,0,0,0,1,1,0,0,0,0,1,0,0,0.0
423,0.1599181096904078,0.1101829658697536,0.1080503556856302,0,0,0,1,0,1,1,0,0,1,1,0,1,0,0,0,1,0,1,0,0,0.0
424,0.7272368535792576,-0.1916066504156587,0.2939023271585481,0,1,1,0,0,1,1,1,0,1,0,0,0,0,0,0,0,1,0,0,0,0.0
425,0.3220091793729363,0.0244285393842814,0.1330491167170844,0,1,0,1,0,1,1,1,1,0,1,0,0,1,0,0,0,0,1,0,0,0.0
426,1.456646667150636,0.1085338422834946,1.0459858756189755,0,0,0,1,1,1,1,1,0,1,0,1,0,0,0,0,0,1,1,0,0,0.0
427,-1.096287680349188,-1.350940531555795,-0.9717590239832078,0,1,0,1,1,0,0,0,0,0,0,0,0,1,0,0,0,0,0,1,0,0.0
428,-0.7315827735634991,0.9561833656206642,-0.4096189323059016,0,1,0,1,0,1,0,0,1,0,0,1,1,1,1,0,0,0,0,0,0,1.0
429,-1.2178559826110846,0.329516402842212,-0.9060810451293622,0,1,0,0,0,1,1,0,0,0,0,0,0,1,1,0,0,0,0,1,0,1.0
430,-0.7315827735634991,0.8259026023061964,-0.4465708284320869,0,1,0,1,0,1,1,1,1,1,0,0,0,0,1,0,0,0,0,1,0,0.0
431,0.6867140861586255,-1.3426949136244997,-0.5119703292281701,0,0,0,1,1,1,1,0,0,0,0,0,0,1,0,1,0,1,0,0,1,0.0
432,-0.2453095645159135,-1.4960634071465946,-0.8265648489436231,0,0,0,1,1,1,0,0,0,0,0,0,0,1,0,1,0,1,1,0,0,0.0
433,1.172987295206211,1.0666746459000227,1.628540551069183,0,1,0,0,0,1,1,1,1,1,0,1,0,0,1,0,0,1,1,0,0,0.0
434,1.456646667150636,0.6857270974741743,1.5136147987694824,0,1,0,1,0,1,0,1,1,1,1,1,1,0,0,0,0,1,1,0,0,0.0
435,-1.339424284872981,1.1408852072816815,-0.9926662997044582,0,1,0,0,0,1,1,0,1,0,0,1,1,1,1,0,0,0,1,0,0,1.0
436,-0.3263550993571777,1.0699728930725405,0.0400374454243907,0,1,1,1,0,1,1,0,0,1,0,1,1,1,1,0,0,0,0,0,0,1.0
437,1.0919417603649468,1.2612712290785948,1.7273788401858317,0,0,0,1,1,1,0,0,1,1,1,1,1,0,1,0,1,0,1,0,0,0.0
438,1.5376922019919002,-1.308063318313059,-0.2747284454035315,0,1,0,1,0,1,1,0,0,0,0,0,0,1,0,1,0,1,0,0,1,0.0
439,0.4841002490554648,-0.663255996085757,-0.1521338358208311,0,1,0,1,0,0,0,1,1,0,0,1,0,0,0,0,0,0,0,1,0,0.0
440,-0.0832184948333849,0.4499024246391249,0.0654432128479593,0,1,1,1,0,1,1,0,0,1,0,0,0,0,1,0,0,0,0,0,1,0.0
441,0.2814864119523041,-1.52244938452674,-0.6936451298346495,0,0,0,1,1,1,0,0,0,0,0,0,0,0,0,1,1,0,0,0,0,0.0
442,-0.5694917038809706,1.403095857496876,-0.0914898833957701,0,0,0,0,0,1,0,1,1,1,1,1,1,1,1,0,0,0,0,0,0,1.0
443,0.7677596209998897,-0.3548698854553082,0.2692677297410912,0,0,0,0,0,0,0,0,0,1,1,1,1,0,0,0,1,0,1,0,0,0.0
444,-0.2858323319365456,0.6461481314039561,-0.0556947422787523,0,1,1,0,0,1,1,0,0,0,0,0,1,1,1,0,0,0,0,1,0,0.0
445,-1.1368104477698204,-1.501010777905372,-0.97970635932397,0,0,0,0,0,1,0,0,0,0,0,0,0,0,0,1,0,0,0,0,0,0.0
446,1.3756011323093718,1.1425343308679403,1.8581349989998808,0,0,0,1,0,1,0,0,1,0,1,1,1,1,1,0,1,0,0,1,0,0.0
447,-1.096287680349188,-1.5405897439755898,-0.9796849379349112,0,0,0,0,0,1,0,0,0,0,0,0,0,1,0,1,0,0,0,0,1,0.0
448,1.132464527785579,1.292604577217517,1.6690055550009884,0,1,1,1,0,1,1,1,0,1,0,1,1,1,1,0,1,0,0,1,0,0.0
449,1.497169434571268,-1.5356423732168123,-0.4476204764959611,0,1,0,1,0,1,0,0,0,0,0,0,0,0,0,1,0,1,1,0,0,0.0
450,1.456646667150636,0.8077622428573465,1.636509307799004,0,0,0,1,1,1,1,1,1,1,1,1,1,1,0,0,0,1,1,0,0,0.0
451,-0.6505372387222348,0.7896218834084963,-0.3359936181112937,0,0,0,0,0,1,1,0,0,1,0,1,0,1,1,0,1,0,1,0,0,0.0
452,-0.6505372387222348,-0.3103435486263128,-0.6201055011962764,0,0,0,0,0,1,1,1,0,0,0,0,0,0,0,0,0,0,0,0,1,0.0
453,0.7272368535792576,-0.4851506487697757,0.0828588021526484,0,1,0,1,1,1,0,0,0,1,0,0,0,1,0,0,1,0,0,0,0,0.0
454,1.5376922019919002,1.71972758605862,2.685193409165612,0,0,0,1,0,1,1,1,1,1,1,1,1,1,1,0,1,0,0,0,0,0.0
455,0.8082823884205218,0.4564989189841614,0.8367203259049447,0,1,1,0,0,1,1,0,1,0,0,0,0,1,1,0,0,0,0,1,0,0.0
456,-1.2583787500317167,-0.0135013030996776,-0.945689193498821,0,0,0,0,0,1,1,0,0,0,1,1,0,1,0,0,0,0,0,0,1,0.0
457,0.3220091793729363,-1.5372914968030718,-0.7092184796802941,0,1,0,1,1,1,0,0,0,0,0,0,0,1,0,1,1,0,0,1,0,0.0
458,1.456646667150636,0.7698324003733874,1.660565527711877,0,1,0,1,1,1,1,1,1,1,1,1,1,1,0,0,0,1,0,0,0,0.0
459,-0.8531510758253954,-0.7143788272597885,-0.7531323272505432,0,0,0,0,1,1,0,0,0,0,0,0,0,0,0,0,0,0,0,0,1,0.0
460,1.5376922019919002,0.6840779738879152,1.5602063199720635,0,1,0,1,0,1,1,1,1,0,1,1,1,1,0,0,0,1,0,0,0,0.0
461,-1.2989015174523488,-1.5092563958366674,-1.0110244301277282,0,1,0,0,0,1,0,0,0,0,0,0,0,0,0,1,0,0,0,1,0,0.0
462,-0.8531510758253954,-1.5109055194229262,-0.9276523839114308,0,0,0,1,1,1,0,0,0,0,0,0,0,1,0,1,0,0,0,0,1,0.0
463,0.4841002490554648,-0.9040280396795832,-0.2835754790847574,0,0,0,0,0,0,0,1,0,1,1,0,0,0,0,0,0,1,0,0,1,0.0
464,1.5376922019919002,1.6438679010907022,2.5257968531801374,0,1,0,1,0,1,1,1,1,1,1,1,1,1,1,0,0,1,0,0,0,0.0
465,-0.7721055409841312,0.9561833656206642,-0.4850650645704956,0,1,1,1,0,1,0,0,1,0,0,1,1,1,1,0,0,0,0,1,0,1.0
466,1.5376922019919002,-1.4795721712840038,-0.3838918440464532,0,0,0,0,0,1,0,0,0,0,0,0,0,1,0,1,0,1,0,0,1,0.0
467,-1.339424284872981,0.4383585595353115,-1.0017918114434463,0,0,0,0,0,1,0,0,0,0,0,1,0,1,1,0,0,0,0,1,0,1.0
468,0.4030547142142006,-0.3862032335942306,-0.017928833368338,0,0,0,0,0,0,0,0,1,1,0,1,1,1,0,0,1,0,0,0,1,0.0
469,-0.6100144713016027,1.0270956798298043,-0.2888451407931872,0,1,0,1,0,1,0,0,0,1,0,1,1,1,1,0,0,0,0,1,0,1.0
470,1.0108962255236824,-0.3796067392491944,0.2994290455356819,0,0,0,0,0,1,1,0,0,1,0,0,0,0,0,0,0,1,1,0,0,0.0
471,1.5376922019919002,1.5960433170891886,2.5157073789335094,0,0,0,1,1,1,1,1,1,1,1,1,1,1,1,0,0,1,1,0,0,0.0
472,-0.2453095645159135,-0.3631155033866036,-0.3854770268367939,0,1,0,0,0,1,0,0,1,0,1,0,0,0,0,0,0,0,0,0,0,0.0
473,1.5376922019919002,1.2942537008037764,2.203105048400511,0,0,0,1,1,1,0,1,0,1,1,1,1,1,1,0,0,1,1,0,0,0.0
474,0.2814864119523041,-1.5142037665954444,-0.6898963867493844,0,1,0,0,0,1,0,0,0,0,0,0,0,1,0,1,1,0,0,0,1,0.0
475,-1.1773332151904523,0.9314465118267778,-0.8270361195029137,0,1,0,0,0,1,1,0,0,0,0,1,1,1,1,0,0,0,0,0,1,1.0
476,0.1599181096904078,0.601621794574961,0.3497478884344697,0,1,0,0,0,1,0,1,1,1,0,0,0,1,1,0,0,0,1,0,0,0.0
477,-0.1642640296746492,0.649446378576474,0.0484774727135021,0,1,0,0,0,1,0,1,1,1,1,1,1,0,0,0,1,0,0,0,0,0.0
478,-0.7721055409841312,1.246429116802263,-0.3759230873166325,0,0,0,1,0,1,1,0,0,1,1,1,1,1,1,0,0,0,0,1,0,1.0
479,0.4435774816348327,1.0353412977610998,0.8430610570663076,0,1,1,0,0,1,1,1,1,0,1,1,0,1,1,0,0,0,0,1,0,0.0
480,-1.2178559826110846,0.5059726265719339,-0.8895865755541954,0,0,0,0,0,1,0,0,0,0,0,1,0,1,1,0,0,0,0,1,0,1.0
481,-1.2178559826110846,-0.3350804024201991,-0.9382131287173492,0,1,0,0,0,1,0,0,0,0,0,1,0,0,0,0,0,0,1,0,0,0.0
482,-1.1773332151904523,-0.4835015251835167,-0.9045387051171389,0,0,0,0,0,0,0,0,1,0,0,1,1,1,0,0,0,0,0,0,1,0.0
483,1.0108962255236824,0.959481612793182,1.362572584516884,0,1,0,1,0,1,1,1,1,0,0,1,0,1,1,0,0,0,0,1,0,0.0
484,0.524623016476097,0.2619023358055892,0.4735849385825724,0,0,0,1,0,1,0,0,1,1,0,1,1,0,0,0,0,1,0,1,0,0.0
485,-1.2583787500317167,-0.0679223814462274,-0.968931400627465,0,1,0,0,0,1,1,0,0,0,1,1,0,1,0,0,0,0,0,1,0,0.0
486,-1.2989015174523488,-1.5109055194229262,-1.0133379401460634,0,1,0,1,0,1,0,0,0,0,0,0,0,0,0,1,0,0,0,0,0,0.0
487,0.240963644531672,-0.8693964443681426,-0.3341085358741317,0,1,1,1,0,0,0,0,1,0,0,1,0,1,0,0,0,0,0,1,0,0.0
488,0.3220091793729363,-0.1982031447606951,0.0511123035677171,0,1,0,0,0,1,0,1,1,1,0,0,0,0,0,0,0,0,0,0,0,0.0
489,1.5376922019919002,-0.0003083144096048,0.9627852005151476,0,0,0,1,1,0,0,1,1,1,1,1,1,1,0,0,0,1,0,0,0,0.0
490,-0.7315827735634991,-1.5158528901817034,-0.9064237873543004,0,1,0,1,1,1,0,0,0,0,0,0,0,0,0,1,0,1,0,0,1,0.0
491,-1.1773332151904523,-1.5109055194229262,-0.9893245630113074,0,1,0,0,0,1,0,0,0,0,0,0,0,0,0,1,0,0,1,0,0,0.0
492,1.5376922019919002,-1.5158528901817034,-0.4444715323043384,0,1,0,1,1,1,0,0,0,0,0,0,0,0,0,1,0,1,1,0,0,0.0
493,-0.4479234016190741,0.5340077275383381,-0.2597977372296469,0,1,0,1,1,1,1,1,0,0,0,0,0,0,1,0,1,0,1,0,0,0.0
494,1.5376922019919002,-1.327852801348168,-0.2656886192207778,0,0,0,1,0,1,1,0,0,0,0,0,0,0,0,1,0,1,0,0,1,0.0
495,-1.339424284872981,-1.5257476316992582,-1.0273046858123085,0,1,0,0,0,1,0,0,0,0,0,0,0,1,0,1,0,0,0,0,1,0.0
496,-0.5694917038809706,1.0270956798298043,-0.2530071568980522,0,0,0,1,1,1,1,0,1,0,1,1,0,0,1,0,0,0,0,0,1,0.0
497,-0.6100144713016027,0.8226043551336779,-0.3244260680196184,0,0,1,0,0,1,1,1,0,0,0,1,0,1,1,0,0,0,0,1,0,1.0
498,-0.4884461690397063,1.2843589592862217,-0.1014079865299286,0,0,0,1,0,1,0,1,1,0,1,1,1,1,1,0,0,0,0,1,0,1.0
499,-0.7721055409841312,0.9908149609321047,-0.413924631506692,0,0,0,0,0,1,1,0,1,0,1,0,1,0,1,0,0,0,0,1,0,1.0
500,-0.6910600061428669,-0.3152909193850901,-0.6299164973851417,0,0,0,0,0,1,0,1,1,0,0,0,0,0,0,0,1,0,0,0,1,0.0
501,-1.2583787500317167,0.121726830973567,-0.9536365288395832,0,0,0,0,0,1,0,0,0,0,1,1,1,1,0,0,0,0,0,1,0,1.0
502,1.294555597468107,1.3997976103243577,2.065601152032985,0,1,1,0,0,1,1,0,1,1,0,1,1,0,1,0,1,0,0,0,0,0.0
503,-1.2583787500317167,0.1662531678025626,-0.9389414559453436,0,0,0,0,1,1,0,0,0,0,1,1,1,0,0,0,0,0,0,0,1,0.0
504,0.1599181096904078,-1.345993160797018,-0.6261463329108179,0,0,1,1,0,0,0,0,0,0,0,0,0,1,0,0,0,0,0,1,0,0.0
505,1.5376922019919002,-0.8957824217482878,0.1481297746143796,0,0,0,1,1,0,0,1,1,1,0,0,0,0,0,0,0,1,1,0,0,0.0
506,-1.055764912928556,1.1705694318343451,-0.6744944080162092,0,1,0,1,0,1,0,0,1,1,0,1,1,0,1,0,0,0,0,1,0,1.0
507,-0.3263550993571777,-0.3598172562140854,-0.4328611394345457,0,1,0,0,0,1,0,0,1,1,0,0,0,1,0,0,0,0,1,0,0,0.0
508,1.456646667150636,-1.501010777905372,-0.4310188999755011,0,1,0,1,1,1,0,0,0,0,0,0,0,1,0,1,0,1,1,0,0,0.0
509,-0.8936738432460276,0.9528851184481456,-0.5328347621713032,0,0,0,0,0,1,1,0,0,0,0,1,1,0,1,0,0,0,0,1,0,1.0
510,1.497169434571268,1.3800081272892486,2.269082926701178,0,0,1,1,0,1,1,1,1,1,0,1,1,1,1,0,0,0,0,1,0,0.0
511,-0.1642640296746492,0.4037269642238709,-0.0281896787274353,0,0,1,1,0,1,1,0,0,0,0,0,0,0,1,0,0,0,0,0,1,0.0
512,-1.015242145507924,-1.5109055194229262,-0.957149636645203,0,0,1,1,0,1,0,0,0,0,0,0,0,0,0,1,1,0,1,0,0,0.0
513,-0.9747193780872918,-0.1982031447606951,-0.7618722539864756,0,0,0,0,0,1,0,0,1,0,0,1,0,1,0,0,0,0,0,0,1,0.0
514,-0.8531510758253954,0.0244285393842814,-0.67927137777629,0,0,0,0,1,1,0,0,0,0,0,1,1,0,0,0,0,0,1,0,0,0.0
515,1.0919417603649468,1.6306749124006292,1.9606577670346184,0,1,0,0,0,1,1,1,1,1,1,1,1,1,1,0,1,0,0,0,1,0.0
516,-1.339424284872981,-0.4752559072522213,-1.0136592609819433,0,0,0,0,0,1,0,0,0,0,1,0,0,0,0,0,0,0,0,0,1,0.0
517,-0.3263550993571777,0.5356568511245976,-0.1451076202095912,0,1,0,1,0,1,0,0,1,1,1,1,1,0,0,0,0,0,0,0,0,0.0
518,-0.7721055409841312,-1.5059581486641491,-0.9122075624001382,0,0,0,1,1,1,0,0,0,0,0,0,0,1,0,1,0,0,0,1,0,0.0
519,0.4030547142142006,-0.3829049864217126,-0.0180145189245727,0,0,0,1,1,0,0,1,1,1,1,0,1,1,0,0,0,1,1,0,0,0.0
520,0.1599181096904078,0.608218288919997,0.330061631889563,0,1,0,0,0,1,1,1,1,1,0,1,1,0,0,0,1,0,0,0,0,0.0
521,1.497169434571268,0.3707444924986892,1.3304619223179557,0,0,0,0,1,1,0,1,1,1,1,1,0,1,0,0,0,1,1,0,0,0.0
522,1.416123899730004,1.605938058606743,2.24862550015016,0,0,0,1,1,1,1,1,1,1,1,1,1,1,1,0,0,1,0,0,0,0.0
523,-0.7315827735634991,0.8292008494787144,-0.417737638759133,0,0,0,1,1,1,1,0,0,1,0,1,0,1,1,0,0,0,0,0,0,0.0
524,0.6461913187379933,1.2959028243900357,1.2017836382425964,0,1,1,0,0,1,1,0,0,1,1,1,1,1,1,0,0,0,0,1,0,0.0
525,-0.6505372387222348,-1.3822738796947178,-0.8537485916590604,0,0,0,0,0,1,1,0,0,0,0,0,0,0,0,1,1,0,0,0,1,0.0
526,0.8893279232617861,-0.450519053458335,0.2003551211393881,0,0,0,1,1,0,0,1,1,0,1,1,0,1,0,0,1,0,0,0,1,0.0
527,1.497169434571268,1.0402886685198771,1.9249483114738355,0,0,0,1,1,1,1,1,0,0,0,1,1,1,1,0,0,1,0,1,0,0.0
528,1.172987295206211,-0.0695715050324866,0.6841786144182402,0,1,0,1,1,1,0,1,1,1,1,0,0,0,0,0,0,1,0,0,1,0.0
529,1.2135100626268431,1.0996571176252044,1.6959536624367804,0,1,0,1,0,1,0,1,0,1,0,1,1,1,1,0,0,1,0,0,0,0.0
530,0.6867140861586255,0.3146742905658802,0.6357876965347316,0,0,0,1,0,1,1,0,0,0,1,1,1,1,0,0,0,1,0,0,0,0.0
531,-0.0426957274127528,0.977621972242032,0.3675490627422147,0,0,0,0,1,1,1,1,0,1,0,0,1,1,1,0,0,0,0,0,0,0.0
532,-1.339424284872981,-1.517502013767963,-1.0271975788670151,0,0,0,0,0,1,0,0,0,0,0,0,0,0,0,1,0,0,0,0,1,0.0
533,-1.339424284872981,0.6263586483688472,-0.9993497730907596,0,0,0,0,0,1,1,0,0,0,0,1,0,1,1,0,0,0,0,0,1,1.0
534,1.2540328300474752,-1.331151048520686,-0.2864887879967348,0,1,0,1,1,1,1,0,0,0,0,0,0,1,0,1,0,1,0,0,0,0.0
535,0.6056685513173612,-0.4571155478033714,0.0531259141392309,0,0,0,1,1,0,0,0,1,0,0,1,1,1,0,0,1,0,0,0,0,0.0
536,-0.7721055409841312,0.4532006718116434,-0.5403108269527749,0,0,1,0,0,1,0,0,0,0,0,0,1,1,1,0,0,0,0,1,0,1.0
537,1.0514189929443147,-0.1701680437942906,0.5471888313881216,0,0,0,1,1,1,0,1,1,1,0,0,0,0,0,0,0,1,0,0,0,0.0
538,0.848805155841154,0.6131656596787745,0.9308030666505712,0,1,0,0,0,1,1,1,0,1,0,0,0,1,1,0,1,0,1,0,0,0.0
539,1.294555597468107,0.87372718630771,1.5593280430206586,0,1,0,0,0,1,1,0,0,1,0,1,0,1,1,0,1,0,0,0,0,0.0
540,1.0919417603649468,1.350323902736585,1.7184889637264884,0,1,0,0,0,1,1,0,0,1,1,1,1,1,1,0,0,1,0,1,0,0.0
541,-0.5289689364603384,0.6890253446466922,-0.2399186881832121,0,0,1,1,0,1,0,0,0,1,0,1,0,0,1,0,0,0,0,0,0,0.0
542,-1.2583787500317167,0.7846745126497193,-0.9326007247839808,0,1,0,0,0,1,0,0,0,0,0,1,1,1,1,0,0,0,0,1,0,1.0
543,-0.5289689364603384,-1.4894669128015583,-0.8515850313641359,0,0,1,0,0,1,0,0,0,0,0,0,0,0,0,1,1,0,0,0,0,0.0
544,-0.5694917038809706,-1.5191511373542217,-0.883031630502246,0,0,0,0,0,1,0,0,0,0,0,0,0,1,0,1,0,0,1,0,0,0.0
545,1.172987295206211,-1.48616866562904,-0.4792170253574818,0,1,0,0,0,1,0,0,0,0,0,0,0,1,0,1,0,1,0,0,1,0.0
546,-0.1237412622540171,0.3245690320834346,0.0030855492982054,0,0,0,1,0,1,0,1,1,1,1,0,1,1,0,0,1,0,1,0,0,0.0
547,-1.2989015174523488,-1.5257476316992582,-1.009460668726446,0,1,0,0,0,1,0,0,0,0,0,0,0,0,0,1,0,0,0,0,1,0.0
548,0.240963644531672,-0.4802032780109985,-0.1389596815497563,0,0,0,0,0,1,0,0,0,0,1,0,0,1,0,0,0,0,0,1,0,0.0
549,0.2004408771110399,-1.3262036777619088,-0.6249895779016503,0,0,0,0,1,1,1,0,0,0,0,0,0,0,0,1,1,0,0,0,0,0.0
550,-1.339424284872981,0.3476567622910619,-1.002969987841673,0,0,0,1,0,1,0,0,0,1,0,0,0,0,1,0,0,0,0,1,0,1.0
551,-0.0426957274127528,-0.4686594129071849,-0.2820545604615925,0,1,0,1,0,1,0,0,0,0,1,0,0,1,0,0,1,0,0,0,1,0.0
552,-0.5289689364603384,1.2777624649411856,-0.1110904543844422,0,0,0,1,1,1,1,0,1,1,0,1,1,0,1,0,0,0,0,1,0,1.0
553,-0.2047867970952814,0.4499024246391249,-0.0011558857354086,0,0,1,1,0,1,1,0,0,0,1,0,0,1,1,0,0,0,0,1,0,0.0
554,1.497169434571268,1.3008501951488125,2.1981995503060787,0,0,1,1,1,1,1,1,1,0,0,1,1,1,1,0,0,0,1,0,0,0.0
555,-1.339424284872981,0.3311655264284711,-1.0031842017322594,0,1,0,0,0,1,0,0,1,0,0,0,0,1,1,0,0,0,0,1,0,1.0
556,0.240963644531672,-0.3251856609026447,-0.0573870320143862,0,0,1,1,0,1,0,0,0,0,0,0,1,0,0,0,1,0,0,1,0,0.0
557,-0.7721055409841312,1.01720093831225,-0.4391376064287325,0,0,1,1,0,1,1,1,0,1,0,1,0,1,1,0,0,0,0,1,0,1.0
558,-0.2453095645159135,-1.317958059830613,-0.7208931367172627,0,1,1,1,0,1,1,0,0,0,0,0,0,0,0,1,0,0,0,0,1,0.0
559,-1.339424284872981,0.1481128083537128,-1.0055619759177703,0,1,0,0,0,1,0,0,0,0,0,0,0,1,1,0,0,0,0,0,1,0.0
560,0.5651457838967291,-0.8660981971956243,-0.1879075555487901,0,1,0,1,1,0,0,1,1,0,1,0,0,0,0,0,0,1,0,0,1,0.0
561,0.0383498074285114,-0.1685189202080317,-0.1862152658131562,0,1,0,0,0,1,0,1,1,1,0,0,0,0,0,0,0,0,0,1,0,0.0
562,1.5376922019919002,0.0821478649033494,1.0245644865603176,0,0,0,1,0,1,1,1,1,1,1,0,0,0,0,0,0,1,0,0,1,0.0
563,0.3220091793729363,-0.5313261091850303,-0.1453646768782952,0,1,0,0,0,1,0,0,1,0,0,0,0,1,0,0,0,0,0,1,0,0.0
564,-0.6910600061428669,0.6527446257489925,-0.4137104176161054,0,1,0,1,1,1,1,0,0,0,0,0,1,1,1,0,0,0,0,1,0,0.0
565,-1.339424284872981,0.1530601791124897,-1.0054977117505943,0,0,1,1,0,1,0,0,0,0,0,0,0,1,1,0,0,0,0,1,0,1.0
566,-1.339424284872981,0.4515515482253839,-1.0016204403309774,0,1,0,1,0,1,0,0,0,0,0,1,0,1,1,0,0,0,0,0,0,1.0
567,1.5376922019919002,-1.3591861494870905,-0.3033902639640161,0,1,0,1,1,1,1,0,0,0,0,0,0,0,0,1,0,1,0,0,0,0.0
568,-1.2583787500317167,0.3443585151185435,-0.9252531883368612,0,1,0,0,0,1,1,0,0,0,0,0,0,0,1,0,0,0,0,1,0,1.0
569,-0.5694917038809706,0.1860426508376714,-0.4404443111613106,0,0,1,0,0,1,0,0,0,0,0,0,0,0,1,0,0,0,1,0,0,0.0
570,-0.5289689364603384,1.0452360392786544,-0.1275635025705503,0,1,0,0,0,1,1,0,0,0,0,1,1,1,1,0,0,0,0,1,0,1.0
571,0.4030547142142006,-1.527396755285517,-0.672630747168106,0,0,1,1,0,1,0,0,0,0,0,0,0,1,0,1,0,1,1,0,0,0.0
572,0.4841002490554648,-0.1899575268293997,0.1711149250743198,0,0,1,1,0,0,0,0,1,1,1,1,1,1,0,0,1,0,0,0,0,0.0
573,1.0108962255236824,-0.508238378977403,0.2485746679104274,0,0,1,1,0,0,0,0,1,0,0,1,1,1,0,0,0,0,0,1,0,0.0
574,-0.8936738432460276,0.2767444480819211,-0.6617486815263076,0,1,0,0,0,1,1,0,0,0,1,1,1,0,0,0,1,0,0,0,1,0.0
575,-0.7721055409841312,-0.35157163828279,-0.7112535116408666,0,1,1,0,0,1,1,0,0,0,1,0,0,0,0,0,0,0,1,0,0,0.0
576,1.294555597468107,1.490499407568607,2.174057644836971,0,0,1,1,0,1,1,0,1,1,1,1,1,1,1,0,1,0,0,1,0,0.0
577,-1.015242145507924,0.6477972549902151,-0.7008427165583587,0,1,0,0,0,1,0,0,0,1,0,0,1,1,1,0,0,0,1,0,0,1.0
578,0.524623016476097,-1.50430902507789,-0.6000336596483136,0,1,0,1,1,1,0,0,0,0,0,0,0,0,0,1,0,1,1,0,0,0.0
579,1.0919417603649468,1.1128501063152771,1.510808596802798,0,0,0,1,0,1,1,1,0,1,1,1,0,0,1,0,0,0,0,0,0,0.0
580,-1.1368104477698204,-0.35157163828279,-0.8897793680557232,0,1,0,0,0,1,0,0,0,0,0,0,1,1,0,0,0,0,0,1,0,0.0
581,-0.6100144713016027,-0.13553644848285,-0.5672589343885667,0,0,0,0,0,1,0,0,0,0,1,1,0,1,0,0,0,0,1,0,0,0.0
582,-1.055764912928556,0.707165704095542,-0.7298901201218991,0,1,1,0,0,1,0,0,1,0,0,1,0,1,1,0,0,0,0,1,0,1.0
583,1.5376922019919002,1.3156923074251443,2.1956932477862154,0,0,0,1,1,1,1,1,0,1,0,1,1,1,1,0,0,1,0,0,0,0.0
584,-0.3263550993571777,-0.8479578377467742,-0.5970132437910428,0,0,0,0,1,0,0,0,1,0,0,1,0,1,0,0,1,0,0,0,0,0.0
585,1.5376922019919002,0.9429903769305912,1.8990070093238007,0,1,0,1,0,1,1,1,1,1,1,0,0,1,1,0,0,1,0,0,0,0.0
586,-1.2178559826110846,-1.517502013767963,-1.0066758881488205,0,0,0,0,0,1,0,0,0,0,0,0,0,1,0,1,0,0,0,0,1,0.0
587,1.497169434571268,-1.350940531555795,-0.2599262655639988,0,1,0,1,1,1,1,0,0,0,0,0,0,0,0,1,0,1,0,0,0,0.0
588,-0.2047867970952814,1.1013062412114634,0.2294667888701044,0,1,1,1,0,1,1,0,0,1,0,1,1,1,1,0,0,0,0,0,0,0.0
589,-0.6100144713016027,-0.1932557740019179,-0.5511286284273972,0,1,0,1,0,1,0,0,1,0,0,0,1,1,0,0,0,0,0,0,1,0.0
590,1.5376922019919002,1.445973070739612,2.3296411935700045,0,1,0,1,1,1,0,1,1,1,1,1,1,1,1,0,0,1,1,0,0,0.0
591,1.5376922019919002,1.7329205747486929,2.626220325087126,0,0,0,0,0,1,1,1,1,1,1,1,1,1,1,0,0,1,0,1,0,0.0
592,-0.8531510758253954,1.2068501507320448,-0.4533828301527401,0,0,0,1,0,1,1,0,0,1,0,1,1,1,1,0,0,0,1,0,0,1.0
593,-1.1773332151904523,-0.3895014807667488,-0.92431064721828,0,1,0,0,0,1,0,1,0,0,1,0,0,0,0,0,0,0,1,0,0,0.0
594,-0.3668778667778098,1.1161483534877952,-0.0206493497787875,0,1,0,0,0,1,0,0,1,1,0,1,1,1,1,0,0,0,0,1,0,1.0
595,-1.339424284872981,-1.313010689071836,-1.0245413266237415,0,1,0,0,0,0,0,0,0,0,0,0,0,0,0,0,1,0,0,0,1,0.0
596,-0.0832184948333849,0.8374464674100098,0.1946141888716677,0,0,0,0,0,1,0,0,0,0,0,1,1,0,1,0,0,0,0,1,0,0.0
597,-1.096287680349188,0.2866391895994755,-0.8070071207330684,0,0,0,0,0,1,0,1,0,0,0,0,0,0,1,0,0,0,0,0,1,0.0
598,1.0919417603649468,1.129341342177868,1.6383515472580488,0,0,0,1,1,1,1,0,0,1,0,1,1,1,1,0,1,0,0,1,0,0.0
599,1.3756011323093718,0.5933761766436656,1.4207316558111407,0,1,0,1,1,1,1,0,1,0,1,0,0,1,1,0,1,0,0,0,0,0.0
600,0.3220091793729363,0.9759728486557728,0.6606793506208923,0,0,0,1,0,1,1,0,1,1,0,1,0,1,1,0,0,0,0,0,0,0.0
601,0.4841002490554648,0.6379025134726607,0.6649850498216826,0,0,1,0,0,1,0,1,0,0,0,0,1,0,1,0,0,0,0,1,0,0.0
602,1.0919417603649468,0.4993761322268975,1.0469069953484982,0,0,0,1,0,1,1,1,1,1,1,0,1,1,0,0,0,1,0,0,0,0.0
603,-1.1773332151904523,0.6626393672665469,-0.8338481212235669,0,1,0,1,1,1,0,0,0,0,1,1,0,1,1,0,0,0,0,1,0,1.0
604,0.4030547142142006,-1.50430902507789,-0.6734876027304523,0,0,0,0,0,1,0,0,0,0,0,0,0,0,0,1,0,1,0,0,1,0.0
605,-0.0426957274127528,1.1524290723854949,0.3654497666144662,0,0,1,1,0,1,1,0,1,0,0,1,1,1,1,0,0,0,0,0,0,0.0
606,0.8082823884205218,1.1013062412114634,1.2332088159916477,0,0,1,1,0,1,1,0,0,1,0,1,1,1,1,0,0,0,1,0,0,0.0
607,1.0514189929443147,-0.1602733022767362,0.5082019033013638,0,1,0,1,0,0,0,0,1,1,1,1,1,0,0,0,0,1,1,0,0,0.0
608,1.3350783648887394,1.6669556312983294,2.285684503221638,0,0,0,0,0,1,1,1,1,1,1,1,1,0,1,0,0,1,1,0,0,0.0
609,1.2135100626268431,1.5729555868815617,2.0588105717013905,0,1,0,1,1,1,1,1,1,1,1,1,1,0,1,0,1,0,0,1,0,0.0
610,0.4841002490554648,0.4729901548467522,0.579428021921402,0,0,0,1,1,1,1,0,1,0,0,0,0,1,1,0,0,0,0,0,0,0.0
611,-1.015242145507924,0.3954813462925755,-0.7296544848422538,0,1,0,0,0,1,0,0,0,0,0,1,0,1,1,0,0,0,0,0,0,1.0
612,-1.2989015174523488,0.1547093026987487,-0.9759576162387048,0,1,0,0,0,1,0,0,0,0,0,0,0,0,1,0,0,0,0,1,0,1.0
613,-1.1368104477698204,0.2701479537368846,-0.8636881161822777,0,1,0,0,0,1,1,0,0,0,0,0,0,1,1,0,0,0,0,0,1,0.0
614,0.8082823884205218,-1.3426949136244997,-0.4509193704109945,0,0,1,1,0,0,0,0,0,0,0,0,0,1,0,0,0,0,0,0,0,0.0
615,1.456646667150636,0.7945692541672736,1.692269183518691,0,1,0,0,0,1,1,1,1,1,1,1,1,0,0,0,0,1,1,0,0,0.0
616,0.524623016476097,-0.8364139726429609,-0.2666740031174761,0,0,0,1,1,0,0,1,0,1,1,0,0,0,0,0,1,0,0,1,0,0.0
617,1.3350783648887394,1.2645694762511128,1.98010838829988,0,1,0,0,1,1,1,0,1,0,1,1,1,1,1,0,0,1,0,1,0,0.0
618,0.1599181096904078,0.3064286726345848,0.193907283032732,0,1,1,1,0,1,1,0,0,0,0,0,0,1,1,0,0,0,0,0,0,0.0
619,0.2814864119523041,1.2183940158358582,0.7695000070388757,0,0,0,1,1,1,1,0,0,1,1,1,1,1,1,0,1,0,0,1,0,0.0
620,1.5376922019919002,-0.1949048975881769,0.7916283019364694,0,1,0,0,0,1,1,1,1,0,0,0,0,0,0,0,0,1,0,0,0,0.0
621,0.240963644531672,-1.3328001721069451,-0.6042322519038106,0,0,0,1,1,1,1,0,0,0,0,0,0,0,0,1,0,1,1,0,0,0.0
622,0.6867140861586255,0.390533975533798,0.5955583278825716,0,1,1,1,0,1,1,1,0,0,0,0,0,1,1,0,0,0,0,1,0,0.0
623,0.2814864119523041,-0.5148348733224394,-0.1663147953776628,0,1,0,0,0,1,0,0,0,0,1,0,0,0,0,0,1,0,0,0,0,0.0
624,-0.2858323319365456,-1.5092563958366674,-0.7999380623437112,0,1,0,1,1,1,0,0,0,0,0,0,0,0,0,1,0,1,0,0,1,0.0
625,1.0108962255236824,-0.7044840857422341,0.1068936006764627,0,0,0,1,0,0,0,0,0,0,0,1,1,1,0,0,0,0,0,1,0,0.0
626,-1.1368104477698204,-0.5445190978751029,-0.9089515112632224,0,0,0,1,1,1,0,1,0,0,0,0,0,1,0,0,0,0,0,1,0,0.0
627,0.4030547142142006,1.1507799487992358,0.8486734609996758,0,0,0,0,0,1,0,0,1,0,1,1,1,0,1,0,0,0,0,1,0,0.0
628,0.6461913187379933,0.1547093026987487,0.4444304280737386,0,0,1,0,0,1,1,1,1,0,0,1,0,1,0,0,0,0,0,0,0,0.0
629,1.2135100626268431,0.2602532122193302,1.0054137647418773,0,0,0,1,0,1,0,1,0,0,0,0,0,1,1,0,0,0,0,0,1,0.0
630,-1.1773332151904523,0.0755513705583129,-0.8855379330221089,0,1,0,1,0,1,1,0,0,1,1,1,0,0,0,0,0,0,0,0,0,0.0
631,-1.339424284872981,0.1167794602147901,-1.005968982309885,0,1,0,0,0,1,0,0,0,0,0,0,0,1,1,0,0,0,0,1,0,1.0
632,0.7272368535792576,1.23323612811219,1.2628131756707133,0,0,0,0,0,1,1,0,1,1,0,1,1,1,1,0,0,0,0,1,0,0.0
633,0.9703734581030504,0.914955275964187,1.2931458625777732,0,1,0,1,1,1,1,1,1,0,0,0,1,1,1,0,0,0,0,0,0,0.0
634,-1.015242145507924,0.2965339311170304,-0.7341958193226894,0,1,0,0,0,1,0,1,1,0,0,1,1,1,0,0,0,0,0,1,0,1.0
635,1.3756011323093718,-0.781992894296411,0.2349935072472383,0,0,1,1,0,0,0,1,1,1,0,0,0,1,0,0,0,1,0,1,0,0.0
636,1.172987295206211,1.0007097024496592,1.5819704512556605,0,1,0,1,0,1,0,0,1,0,0,1,1,1,1,0,1,0,0,1,0,0.0
637,1.3756011323093718,-1.3146598126580953,-0.216676481054568,0,1,0,1,0,1,1,0,0,0,0,0,0,0,0,1,0,1,1,0,0,0.0
638,-1.339424284872981,0.1712005385613396,-1.0052620764709492,0,1,0,0,0,1,0,0,0,0,0,0,0,1,1,0,0,0,0,1,0,1.0
639,-0.4884461690397063,-0.3466242675240127,-0.5244804204384265,0,0,0,0,0,1,0,0,1,0,1,0,0,1,0,0,1,0,1,0,0,0.0
640,-1.339424284872981,0.1398671904224173,-1.0056690828630637,0,0,0,1,1,1,0,0,0,0,0,0,0,1,1,0,0,0,0,0,1,0.0
641,-0.7315827735634991,0.4317620651902751,-0.5136840403528627,0,0,1,0,0,1,0,0,0,0,0,0,1,1,1,0,0,0,0,1,0,1.0
642,-1.339424284872981,0.291586560358253,-1.0036983150696672,0,1,0,0,0,1,1,0,0,0,0,0,0,1,1,0,0,0,0,1,0,1.0
643,-0.3668778667778098,0.4400076831215705,-0.220746544975713,0,0,0,0,0,1,0,1,1,0,1,1,1,1,0,0,0,0,0,0,1,0.0
644,-1.1368104477698204,-1.4993616543191126,-0.9826410896250062,0,1,0,0,0,1,0,0,0,0,0,0,0,0,0,1,0,0,0,0,1,0.0
645,0.524623016476097,-0.8578525792643289,-0.2650245561599593,0,1,0,0,0,0,0,1,1,0,1,0,0,0,0,0,1,0,1,0,0,0.0
646,0.1599181096904078,1.2530256111472993,0.67316802044209,0,1,0,0,0,1,1,0,0,1,1,1,1,1,1,0,0,0,0,1,0,0.0
647,0.0383498074285114,1.1013062412114634,0.4872732061910548,0,1,1,0,0,1,1,1,0,0,0,1,1,1,1,0,0,0,0,1,0,1.0
648,0.0788725748491435,0.1662531678025626,0.0405729801508571,0,1,0,0,0,1,1,0,1,0,1,0,1,1,0,0,1,0,0,0,1,0.0
649,0.4435774816348327,-0.508238378977403,-0.083842447501829,0,1,0,1,0,1,0,0,0,1,0,0,0,1,0,0,0,0,1,0,0,0.0
650,-0.6505372387222348,0.6576919965077695,-0.3494890932182483,0,0,0,1,1,1,0,0,0,0,1,0,1,1,1,0,0,0,0,1,0,0.0
651,1.0108962255236824,1.3354817904602536,1.64471369980847,0,1,0,1,1,1,1,0,1,1,0,1,1,1,1,0,1,0,0,1,0,0.0
652,1.5376922019919002,-1.317958059830613,-0.2055802015221831,0,1,1,1,0,1,1,0,0,0,0,0,0,1,0,1,0,1,1,0,0,0.0
653,0.9298506906824182,1.1524290723854949,1.4261941100210984,0,0,1,1,0,1,1,0,0,1,0,1,1,0,1,0,0,0,0,1,0,0.0
654,1.5376922019919002,1.632324035986889,2.541627259694486,0,1,0,1,0,1,1,1,1,1,1,1,1,0,1,0,0,1,0,1,0,0.0
655,1.497169434571268,0.7121130748543195,1.6757747139435242,0,1,0,1,1,1,0,1,1,1,1,1,1,0,0,0,0,1,1,0,0,0.0
656,1.3350783648887394,-1.4795721712840038,-0.4307190005286799,0,0,0,1,1,1,0,0,0,0,0,0,0,1,0,1,0,1,0,0,1,0.0
657,0.240963644531672,0.4466041774666069,0.349854995379763,0,1,1,0,0,1,0,1,1,0,0,0,0,1,1,0,0,0,1,0,0,0.0
658,0.8082823884205218,1.135937836522904,1.2954165298179907,0,1,0,0,0,1,1,0,0,0,1,1,1,1,1,0,0,0,0,1,0,0.0
659,-0.8936738432460276,-0.5214313676674757,-0.7990812067813649,0,1,0,0,0,0,0,1,0,1,1,0,1,0,0,0,0,1,0,0,1,0.0
660,-0.9341966106666596,-0.564308580910212,-0.8209738663993135,0,1,0,0,0,1,0,1,0,0,0,0,0,0,0,0,0,0,1,0,0,0.0
661,-1.2989015174523488,-0.295501436349981,-0.986968210214855,0,0,0,1,1,1,1,1,0,0,0,0,0,0,0,0,0,0,0,0,1,0.0
662,-1.1773332151904523,0.8143587372023825,-0.8494643138473287,0,0,0,1,1,1,0,1,0,1,0,0,1,1,1,0,0,0,0,0,1,1.0
663,-1.339424284872981,-0.5049401318048847,-1.014044845984999,0,0,0,1,0,0,0,0,0,1,0,1,1,1,0,0,0,0,0,1,0,0.0
664,0.4435774816348327,0.6609902436802879,0.5830268152832566,0,1,1,0,0,1,0,1,1,0,1,0,0,1,1,0,0,0,0,0,0,0.0
665,0.848805155841154,1.0930606232801678,1.3711839829184649,0,0,1,0,0,1,1,1,0,0,0,1,1,1,1,0,0,0,0,1,0,0.0
666,-1.1368104477698204,0.4630954133291978,-0.8224305208553022,0,0,1,0,0,1,0,0,0,0,0,1,0,1,1,0,0,0,0,1,0,1.0
667,-0.9341966106666596,1.1573764431442723,-0.5515998989866876,0,1,0,0,0,1,1,0,0,1,0,1,1,1,1,0,0,0,0,1,0,1.0
668,-0.8531510758253954,-1.507607272250408,-0.925510245005565,0,0,0,0,0,1,0,0,0,0,0,0,0,1,0,1,1,0,0,0,1,0.0
669,-1.339424284872981,-0.6533612545682024,-1.0159727710002782,0,0,1,0,0,1,0,0,0,0,0,0,0,1,0,0,0,0,0,0,1,0.0
670,-0.1642640296746492,0.5900779294711471,0.0655288984041938,0,0,0,1,1,1,1,0,1,0,1,0,0,1,1,0,0,0,0,0,0,0.0
671,-1.2178559826110846,0.76488502961461,-0.8760482576691234,0,1,1,0,0,1,1,0,0,1,0,0,1,1,1,0,0,0,0,1,0,1.0
672,0.8082823884205218,-0.6484138838094251,0.0029141781857363,0,0,0,1,1,0,0,0,0,1,1,0,1,0,0,0,0,1,1,0,0,0.0
673,-1.339424284872981,0.121726830973567,-1.005904718142709,0,0,0,0,0,1,0,0,0,0,0,0,0,1,1,0,0,0,0,1,0,1.0
674,-1.339424284872981,-1.1596421955497414,-1.0225491374412865,0,1,0,1,1,0,0,1,0,0,0,0,0,0,0,0,0,0,0,0,0,0.0
675,1.3756011323093718,1.1672711846618269,1.865054107665828,0,0,0,1,1,1,1,0,1,0,0,1,1,1,1,0,1,0,1,0,0,0.0
676,0.6056685513173612,-1.5092563958366674,-0.597505935739392,0,0,0,0,0,1,0,0,0,0,0,0,0,1,0,1,0,1,1,0,0,0.0
677,0.5651457838967291,1.3767098801167308,1.1584910109550484,0,1,0,0,0,1,1,0,1,1,0,1,1,1,1,0,0,0,0,0,0,0.0
678,-0.8936738432460276,-0.6797472319483479,-0.8115056124353865,0,1,0,0,0,1,0,0,0,0,0,0,0,1,0,0,0,0,0,1,0,0.0
679,-1.339424284872981,-1.3674317674183858,-1.0252482324626773,0,0,0,0,1,0,0,0,0,0,0,0,0,0,0,0,0,0,0,0,1,0.0
680,-1.055764912928556,-0.0069048087546412,-0.7980744014956079,0,1,0,0,0,1,0,0,1,0,1,1,0,1,0,0,0,0,0,1,0,0.0
681,0.9298506906824182,0.7879727598222372,1.1118138041962324,0,0,0,0,1,1,1,1,1,1,1,1,1,0,0,0,0,1,0,0,1,0.0
682,1.2135100626268431,1.3107449366663673,1.8754434813592769,0,1,0,1,0,1,1,0,1,0,1,1,1,1,1,0,0,1,0,0,0,0.0
683,-1.2583787500317167,0.3097269198071027,-0.9258315658414448,0,1,1,0,0,1,1,0,0,0,0,0,0,1,1,0,0,0,1,0,0,1.0
684,1.132464527785579,0.6362533898864017,1.1710225235543632,0,1,0,1,0,1,1,1,1,0,1,1,1,1,0,0,0,1,0,1,0,0.0
685,0.6867140861586255,-1.484519542042781,-0.5982985271345623,0,1,0,0,0,1,0,0,0,0,0,0,0,0,0,1,0,1,0,0,0,0.0
686,-1.339424284872981,0.1646040442163036,-1.0053477620271838,0,0,0,1,1,1,0,0,0,0,0,0,0,1,1,0,0,0,0,0,1,0.0
687,-1.2989015174523488,-1.50430902507789,-1.018800394356021,0,1,0,0,0,1,0,0,0,0,0,0,0,1,0,1,0,0,0,0,1,0.0
688,0.848805155841154,-0.1866592796568815,0.3850931803812557,0,0,1,1,0,1,1,1,1,0,0,0,0,0,0,0,1,0,1,0,0,0.0
689,-0.9341966106666596,-1.1893264201024047,-0.8871873799796257,0,1,0,1,1,0,0,1,0,0,0,0,0,1,0,0,0,0,0,1,0,0.0
